,,,,Time_Name,1950,1951,1952,1953,1954,1955,1956,1957,1958,1959,1960,1961,1962,1963,1964,1965,1966,1967,1968,1969,1970,1971,1972,1973,1974,1975,1976,1977,1978,1979,1980,1981,1982,1983,1984,1985,1986,1987,1988,1989,1990,1991,1992,1993,1994,1995,1996,1997,1998,1999,2000,2001,2002,2003,2004,2005,2006,2007,2008,2009,2010,2011,2012,2013,2014,2015,2016,2017,2018,2019,2020,2021,2022,2023,2024,2025,2026,2027,2028,2029,2030,2031,2032,2033,2034,2035,2036,2037,2038,2039,2040,2041,2042,2043,2044,2045,2046,2047,2048,2049,2050
,,,,Time,YR1950,YR1951,YR1952,YR1953,YR1954,YR1955,YR1956,YR1957,YR1958,YR1959,YR1960,YR1961,YR1962,YR1963,YR1964,YR1965,YR1966,YR1967,YR1968,YR1969,YR1970,YR1971,YR1972,YR1973,YR1974,YR1975,YR1976,YR1977,YR1978,YR1979,YR1980,YR1981,YR1982,YR1983,YR1984,YR1985,YR1986,YR1987,YR1988,YR1989,YR1990,YR1991,YR1992,YR1993,YR1994,YR1995,YR1996,YR1997,YR1998,YR1999,YR2000,YR2001,YR2002,YR2003,YR2004,YR2005,YR2006,YR2007,YR2008,YR2009,YR2010,YR2011,YR2012,YR2013,YR2014,YR2015,YR2016,YR2017,YR2018,YR2019,YR2020,YR2021,YR2022,YR2023,YR2024,YR2025,YR2026,YR2027,YR2028,YR2029,YR2030,YR2031,YR2032,YR2033,YR2034,YR2035,YR2036,YR2037,YR2038,YR2039,YR2040,YR2041,YR2042,YR2043,YR2044,YR2045,YR2046,YR2047,YR2048,YR2049,YR2050
Country,Country_Name,Series,Series_Name,SCALE,,,,,,,,,,,,,,,,,,,,,,,,,,,,,,,,,,,,,,,,,,,,,,,,,,,,,,,,,,,,,,,,,,,,,,,,,,,,,,,,,,,,,,,,,,,,,,,,,,,,,
ABW,Aruba,SP.POP.TOTL,"Population, total",0,,,,,,,,,,,,,,,,,,,,,,,,,,,,,,,,,,,,,,,,,,,,,,,,,,,,,,,,,,,,,,,,,,,,,,,,,,,107995,108031,108009,107964,107857,107730,107564,107343,107108,106832,106516,106215,105869,105498,105095,104699,104278,103856,103418,102968,102480,101979,101446,100928,100401,99848,99303
ABW,Aruba,SP.RUR.TOTL,Rural population,0,,,,,,,,,,,,,,,,,,,,,,,,,,,,,,,,,,,,,,,,,,,,,,,,,,,,,,,,,,,,,,,,,,,,,,,,,,,41264,41323,41359,41384,41383,41372,41344,41294,41236,41160,41067,40977,40869,40748,40614,40480,40335,40188,40033,39871,39693,39508,39309,39115,38915,38704,38494
ABW,Aruba,SP.URB.TOTL,Urban population,0,,,,,,,,,,,,,,,,,,,,,,,,,,,,,,,,,,,,,,,,,,,,,,,,,,,,,,,,,,,,,,,,,,,,,,,,,,,66731,66708,66650,66580,66474,66358,66220,66049,65872,65672,65449,65238,65000,64750,64481,64219,63943,63668,63385,63097,62787,62471,62137,61813,61486,61144,60809
AFG,Afghanistan,SP.POP.TOTL,"Population, total",0,,,,,,,,,,,,,,,,,,,,,,,,,,,,,,,,,,,,,,,,,,,,,,,,,,,,,,,,,,,,,,,,,,,,,,,,,,,42647492,43844111,45047069,46258906,47470575,48725717,50039402,51376001,52707848,54044254,55359464,56647232,57953661,59279044,60597838,61944472,63347870,64738843,66060220,67375163,68703958,70021200,71384693,72756311,74109735,75515602,76885135
AFG,Afghanistan,SP.RUR.TOTL,Rural population,0,,,,,,,,,,,,,,,,,,,,,,,,,,,,,,,,,,,,,,,,,,,,,,,,,,,,,,,,,,,,,,,,,,,,,,,,,,,31686773,32470876,33240057,33995150,34728488,35470882,36231791,36983863,37705993,38403855,39058221,39664079,40252969,40823857,41358050,41878046,42401757,42881273,43278487,43634974,43963036,44245482,44517844,44754712,44939116,45112958,45221842
AFG,Afghanistan,SP.URB.TOTL,Urban population,0,,,,,,,,,,,,,,,,,,,,,,,,,,,,,,,,,,,,,,,,,,,,,,,,,,,,,,,,,,,,,,,,,,,,,,,,,,,10960719,11373235,11807012,12263756,12742087,13254835,13807611,14392138,15001855,15640399,16301243,16983153,17700692,18455187,19239788,20066426,20946113,21857570,22781733,23740189,24740922,25775718,26866849,28001599,29170619,30402644,31663293
AGO,Angola,SP.POP.TOTL,"Population, total",0,,,,,,,,,,,,,,,,,,,,,,,,,,,,,,,,,,,,,,,,,,,,,,,,,,,,,,,,,,,,,,,,,,,,,,,,,,,37885849,39040039,40215179,41415124,42641676,43891851,45160458,46449965,47759510,49091474,50447455,51821718,53215939,54625871,56053780,57501916,58965321,60441179,61927914,63430878,64945298,66464329,68000598,69554170,71118784,72701385,74295394
AGO,Angola,SP.RUR.TOTL,Rural population,0,,,,,,,,,,,,,,,,,,,,,,,,,,,,,,,,,,,,,,,,,,,,,,,,,,,,,,,,,,,,,,,,,,,,,,,,,,,11117550,11141406,11151294,11147614,11130095,11097191,11046906,10979215,10893248,10788867,10665681,10521749,10356757,10169222,9958956,9725683,9467885,9184532,8874859,8539084,8175956,7784139,7364643,6916775,6439256,5932103,5394096
AGO,Angola,SP.URB.TOTL,Urban population,0,,,,,,,,,,,,,,,,,,,,,,,,,,,,,,,,,,,,,,,,,,,,,,,,,,,,,,,,,,,,,,,,,,,,,,,,,,,26768299,27898633,29063885,30267510,31511581,32794660,34113552,35470750,36866262,38302607,39781774,41299969,42859182,44456649,46094824,47776233,49497436,51256647,53053055,54891794,56769342,58680190,60635955,62637395,64679528,66769282,68901298
ALB,Albania,SP.POP.TOTL,"Population, total",0,,,,,,,,,,,,,,,,,,,,,,,,,,,,,,,,,,,,,,,,,,,,,,,,,,,,,,,,,,,,,,,,,,,,,,,,,,,2377128,2355297,2334281,2314421,2294421,2274676,2254539,2235222,2215985,2196062,2175729,2155920,2135362,2114488,2093586,2071576,2050130,2028483,2007303,1986074,1965423,1944243,1923156,1902818,1882292,1861854,1841576
ALB,Albania,SP.RUR.TOTL,Rural population,0,,,,,,,,,,,,,,,,,,,,,,,,,,,,,,,,,,,,,,,,,,,,,,,,,,,,,,,,,,,,,,,,,,,,,,,,,,,985406,968699,952718,937590,922780,908444,894318,880881,867832,854869,842099,829881,817720,805780,794168,782471,771317,760413,750002,739887,730293,720803,711644,703050,694670,686597,678866
ALB,Albania,SP.URB.TOTL,Urban population,0,,,,,,,,,,,,,,,,,,,,,,,,,,,,,,,,,,,,,,,,,,,,,,,,,,,,,,,,,,,,,,,,,,,,,,,,,,,1391722,1386598,1381563,1376831,1371641,1366232,1360221,1354341,1348153,1341193,1333630,1326039,1317642,1308708,1299418,1289105,1278813,1268070,1257301,1246187,1235130,1223440,1211512,1199768,1187622,1175257,1162710
AND,Andorra,SP.POP.TOTL,"Population, total",0,,,,,,,,,,,,,,,,,,,,,,,,,,,,,,,,,,,,,,,,,,,,,,,,,,,,,,,,,,,,,,,,,,,,,,,,,,,81938,82904,83753,84463,84958,85344,85681,85883,85984,86055,86106,86174,86121,86007,85941,85844,85668,85478,85284,85013,84678,84294,83917,83515,83087,82641,82195
AND,Andorra,SP.RUR.TOTL,Rural population,0,,,,,,,,,,,,,,,,,,,,,,,,,,,,,,,,,,,,,,,,,,,,,,,,,,,,,,,,,,,,,,,,,,,,,,,,,,,9107,9161,9202,9227,9229,9219,9205,9177,9139,9100,9060,9023,8976,8924,8879,8834,8782,8732,8684,8631,8575,8516,8462,8408,8355,8303,8255
AND,Andorra,SP.URB.TOTL,Urban population,0,,,,,,,,,,,,,,,,,,,,,,,,,,,,,,,,,,,,,,,,,,,,,,,,,,,,,,,,,,,,,,,,,,,,,,,,,,,72831,73743,74551,75236,75729,76125,76476,76706,76845,76955,77046,77151,77145,77083,77062,77010,76886,76746,76600,76382,76103,75778,75455,75107,74732,74338,73940
ARE,United Arab Emirates,SP.POP.TOTL,"Population, total",0,,,,,,,,,,,,,,,,,,,,,,,,,,,,,,,,,,,,,,,,,,,,,,,,,,,,,,,,,,,,,,,,,,,,,,,,,,,10986400,11243507,11434262,11595513,11737486,11869884,11998743,12131904,12268964,12409675,12553870,12701034,12851094,13003399,13157908,13313639,13470551,13628551,13787500,13947269,14107798,14268814,14431668,14597009,14764608,14937353,15109121
ARE,United Arab Emirates,SP.RUR.TOTL,Rural population,0,,,,,,,,,,,,,,,,,,,,,,,,,,,,,,,,,,,,,,,,,,,,,,,,,,,,,,,,,,,,,,,,,,,,,,,,,,,1558189,1578390,1589140,1595824,1599989,1603051,1605885,1609571,1614072,1619375,1625478,1632339,1639973,1648326,1657423,1667173,1677607,1688749,1700619,1713240,1726644,1740839,1756030,1772338,1789775,1808729,1828568
ARE,United Arab Emirates,SP.URB.TOTL,Urban population,0,,,,,,,,,,,,,,,,,,,,,,,,,,,,,,,,,,,,,,,,,,,,,,,,,,,,,,,,,,,,,,,,,,,,,,,,,,,9428211,9665117,9845122,9999689,10137497,10266833,10392858,10522333,10654892,10790300,10928392,11068695,11211121,11355073,11500485,11646466,11792944,11939802,12086881,12234029,12381154,12527975,12675638,12824671,12974833,13128624,13280553
ARG,Argentina,SP.POP.TOTL,"Population, total",0,,,,,,,,,,,,,,,,,,,,,,,,,,,,,,,,,,,,,,,,,,,,,,,,,,,,,,,,,,,,,,,,,,,,,,,,,,,45696159,45851378,46003734,46153342,46299946,46443764,46585022,46723736,46859877,46993516,47124535,47251994,47375365,47494512,47608787,47716823,47817645,47910498,47994507,48069561,48135529,48191841,48237678,48272492,48296026,48308274,48308944
ARG,Argentina,SP.RUR.TOTL,Rural population,0,,,,,,,,,,,,,,,,,,,,,,,,,,,,,,,,,,,,,,,,,,,,,,,,,,,,,,,,,,,,,,,,,,,,,,,,,,,3530379,3506749,3483626,3461069,3439106,3417804,3397228,3377426,3358447,3340342,3323152,3306861,3291480,3277052,3263582,3251027,3239373,3228621,3218763,3209844,3201903,3194952,3188981,3183999,3180030,3177104,3175350
ARG,Argentina,SP.URB.TOTL,Urban population,0,,,,,,,,,,,,,,,,,,,,,,,,,,,,,,,,,,,,,,,,,,,,,,,,,,,,,,,,,,,,,,,,,,,,,,,,,,,42165780,42344629,42520108,42692273,42860840,43025960,43187794,43346310,43501430,43653174,43801383,43945133,44083885,44217460,44345205,44465796,44578272,44681877,44775744,44859717,44933626,44996889,45048697,45088493,45115996,45131170,45133594
ARM,Armenia,SP.POP.TOTL,"Population, total",0,,,,,,,,,,,,,,,,,,,,,,,,,,,,,,,,,,,,,,,,,,,,,,,,,,,,,,,,,,,,,,,,,,,,,,,,,,,3033500,3013103,2993355,2975012,2956619,2937785,2919197,2900471,2882255,2863630,2845132,2826100,2807353,2788660,2770259,2751014,2732210,2713876,2695508,2677640,2660537,2643587,2626837,2610323,2594123,2578168,2562549
ARM,Armenia,SP.RUR.TOTL,Rural population,0,,,,,,,,,,,,,,,,,,,,,,,,,,,,,,,,,,,,,,,,,,,,,,,,,,,,,,,,,,,,,,,,,,,,,,,,,,,1037112,1026603,1016363,1006643,996950,987152,977480,967806,958345,948791,939323,929723,920260,910859,901596,892103,882798,873687,864609,855734,847143,838642,830243,821958,813810,805776,797885
ARM,Armenia,SP.URB.TOTL,Urban population,0,,,,,,,,,,,,,,,,,,,,,,,,,,,,,,,,,,,,,,,,,,,,,,,,,,,,,,,,,,,,,,,,,,,,,,,,,,,1996388,1986500,1976992,1968369,1959669,1950633,1941717,1932665,1923910,1914839,1905809,1896377,1887093,1877801,1868663,1858911,1849412,1840189,1830899,1821906,1813394,1804945,1796594,1788365,1780313,1772392,1764664
ASM,American Samoa,SP.POP.TOTL,"Population, total",0,,,,,,,,,,,,,,,,,,,,,,,,,,,,,,,,,,,,,,,,,,,,,,,,,,,,,,,,,,,,,,,,,,,,,,,,,,,46765,46029,45319,44654,44059,43491,42958,42477,42026,41600,41205,40843,40510,40206,39925,39650,39386,39147,38935,38741,38548,38371,38205,38026,37864,37708,37545
ASM,American Samoa,SP.RUR.TOTL,Rural population,0,,,,,,,,,,,,,,,,,,,,,,,,,,,,,,,,,,,,,,,,,,,,,,,,,,,,,,,,,,,,,,,,,,,,,,,,,,,8911,8970,9030,9095,9171,9249,9333,9425,9522,9623,9729,9842,9961,10086,10217,10348,10482,10623,10771,10924,11078,11237,11400,11560,11725,11893,12060
ASM,American Samoa,SP.URB.TOTL,Urban population,0,,,,,,,,,,,,,,,,,,,,,,,,,,,,,,,,,,,,,,,,,,,,,,,,,,,,,,,,,,,,,,,,,,,,,,,,,,,37854,37059,36289,35559,34888,34242,33625,33052,32504,31977,31476,31001,30549,30120,29708,29302,28904,28524,28164,27817,27470,27134,26805,26466,26139,25815,25485
ATG,Antigua and Barbuda,SP.POP.TOTL,"Population, total",0,,,,,,,,,,,,,,,,,,,,,,,,,,,,,,,,,,,,,,,,,,,,,,,,,,,,,,,,,,,,,,,,,,,,,,,,,,,93772,94209,94626,95010,95368,95704,96000,96254,96484,96682,96856,97007,97109,97159,97181,97177,97133,97054,96942,96797,96621,96419,96191,95942,95674,95380,95055
ATG,Antigua and Barbuda,SP.RUR.TOTL,Rural population,0,,,,,,,,,,,,,,,,,,,,,,,,,,,,,,,,,,,,,,,,,,,,,,,,,,,,,,,,,,,,,,,,,,,,,,,,,,,70900,71285,71652,71993,72313,72615,72884,73119,73335,73524,73693,73843,73953,74021,74066,74089,74080,74042,73976,73883,73764,73622,73459,73278,73080,72859,72613
ATG,Antigua and Barbuda,SP.URB.TOTL,Urban population,0,,,,,,,,,,,,,,,,,,,,,,,,,,,,,,,,,,,,,,,,,,,,,,,,,,,,,,,,,,,,,,,,,,,,,,,,,,,22872,22924,22974,23017,23055,23089,23116,23135,23149,23158,23163,23164,23156,23138,23115,23088,23053,23012,22966,22914,22857,22797,22732,22664,22594,22521,22442
AUS,Australia,SP.POP.TOTL,"Population, total",0,,,,,,,,,,,,,,,,,,,,,,,,,,,,,,,,,,,,,,,,,,,,,,,,,,,,,,,,,,,,,,,,,,,,,,,,,,,27196812,27446304,27684434,27920112,28151914,28373578,28594164,28811054,29022044,29230696,29437808,29646804,29855450,30056834,30263502,30463972,30668762,30877474,31089346,31298392,31507138,31719770,31939186,32147064,32368462,32578894,32790216
AUS,Australia,SP.RUR.TOTL,Rural population,0,,,,,,,,,,,,,,,,,,,,,,,,,,,,,,,,,,,,,,,,,,,,,,,,,,,,,,,,,,,,,,,,,,,,,,,,,,,3371821,3370607,3367694,3364281,3360295,3355099,3349882,3344439,3338626,3332967,3327662,3323203,3319443,3315728,3313563,3311799,3311701,3313334,3316731,3321373,3327658,3336153,3347289,3359277,3374871,3391637,3411131
AUS,Australia,SP.URB.TOTL,Urban population,0,,,,,,,,,,,,,,,,,,,,,,,,,,,,,,,,,,,,,,,,,,,,,,,,,,,,,,,,,,,,,,,,,,,,,,,,,,,23824991,24075697,24316740,24555831,24791619,25018479,25244282,25466615,25683418,25897729,26110146,26323601,26536007,26741106,26949939,27152173,27357061,27564140,27772615,27977019,28179480,28383617,28591897,28787787,28993591,29187257,29379085
AUT,Austria,SP.POP.TOTL,"Population, total",0,,,,,,,,,,,,,,,,,,,,,,,,,,,,,,,,,,,,,,,,,,,,,,,,,,,,,,,,,,,,,,,,,,,,,,,,,,,9177982,9167205,9157493,9149002,9141950,9132592,9121235,9109396,9096187,9083783,9068382,9053242,9037505,9018133,9001653,8982284,8962112,8941744,8919444,8896709,8871191,8845797,8818662,8790005,8760066,8728570,8697663
AUT,Austria,SP.RUR.TOTL,Rural population,0,,,,,,,,,,,,,,,,,,,,,,,,,,,,,,,,,,,,,,,,,,,,,,,,,,,,,,,,,,,,,,,,,,,,,,,,,,,2802422,2776268,2749563,2722347,2694679,2665456,2634791,2603139,2570257,2536772,2501630,2465755,2428919,2390329,2351736,2311626,2270566,2228726,2185689,2141846,2096657,2050839,2003976,1956149,1907442,1857824,1807773
AUT,Austria,SP.URB.TOTL,Urban population,0,,,,,,,,,,,,,,,,,,,,,,,,,,,,,,,,,,,,,,,,,,,,,,,,,,,,,,,,,,,,,,,,,,,,,,,,,,,6375560,6390937,6407930,6426655,6447271,6467136,6486444,6506257,6525930,6547011,6566752,6587487,6608586,6627804,6649917,6670658,6691546,6713018,6733755,6754863,6774534,6794958,6814686,6833856,6852624,6870746,6889890
AZE,Azerbaijan,SP.POP.TOTL,"Population, total",0,,,,,,,,,,,,,,,,,,,,,,,,,,,,,,,,,,,,,,,,,,,,,,,,,,,,,,,,,,,,,,,,,,,,,,,,,,,10202830,10264010,10321681,10376953,10430970,10483108,10532756,10580809,10627401,10671783,10714249,10754896,10792984,10828877,10861417,10892018,10918934,10942823,10963798,10982294,10997493,11011563,11022310,11032071,11039500,11043359,11046590
AZE,Azerbaijan,SP.RUR.TOTL,Rural population,0,,,,,,,,,,,,,,,,,,,,,,,,,,,,,,,,,,,,,,,,,,,,,,,,,,,,,,,,,,,,,,,,,,,,,,,,,,,4226645,4245492,4263113,4279974,4296550,4312587,4327839,4342675,4357153,4370968,4384242,4397015,4408988,4420309,4430506,4440158,4448553,4455958,4462419,4468112,4472702,4477069,4480319,4483399,4485757,4486887,4487990
AZE,Azerbaijan,SP.URB.TOTL,Urban population,0,,,,,,,,,,,,,,,,,,,,,,,,,,,,,,,,,,,,,,,,,,,,,,,,,,,,,,,,,,,,,,,,,,,,,,,,,,,5976185,6018518,6058568,6096979,6134420,6170521,6204917,6238134,6270248,6300815,6330007,6357881,6383996,6408568,6430911,6451860,6470381,6486865,6501379,6514182,6524791,6534494,6541991,6548672,6553743,6556472,6558600
BDI,Burundi,SP.POP.TOTL,"Population, total",0,,,,,,,,,,,,,,,,,,,,,,,,,,,,,,,,,,,,,,,,,,,,,,,,,,,,,,,,,,,,,,,,,,,,,,,,,,,14047786,14390003,14729157,15076979,15444014,15815855,16182016,16555030,16935238,17317634,17700808,18085841,18483055,18893258,19305533,19718521,20131318,20537556,20951563,21370849,21785692,22197887,22586208,22970065,23358497,23748952,24131720
BDI,Burundi,SP.RUR.TOTL,Rural population,0,,,,,,,,,,,,,,,,,,,,,,,,,,,,,,,,,,,,,,,,,,,,,,,,,,,,,,,,,,,,,,,,,,,,,,,,,,,10559681,10693640,10824589,10956751,11097869,11237333,11367759,11498090,11628501,11755534,11878305,11997631,12120359,12246861,12369982,12488952,12603332,12709328,12815996,12921814,13021018,13114922,13191345,13262139,13332714,13401706,13463832
BDI,Burundi,SP.URB.TOTL,Urban population,0,,,,,,,,,,,,,,,,,,,,,,,,,,,,,,,,,,,,,,,,,,,,,,,,,,,,,,,,,,,,,,,,,,,,,,,,,,,3488105,3696363,3904568,4120228,4346145,4578522,4814257,5056940,5306737,5562100,5822503,6088210,6362696,6646397,6935551,7229569,7527986,7828228,8135567,8449035,8764674,9082965,9394863,9707926,10025783,10347246,10667888
BEL,Belgium,SP.POP.TOTL,"Population, total",0,,,,,,,,,,,,,,,,,,,,,,,,,,,,,,,,,,,,,,,,,,,,,,,,,,,,,,,,,,,,,,,,,,,,,,,,,,,11858610,11875529,11888588,11899842,11909626,11918005,11923918,11928381,11932205,11936143,11938524,11940263,11941731,11943736,11944834,11944642,11943662,11943018,11940908,11938070,11934956,11929930,11924047,11916976,11908458,11898626,11887823
BEL,Belgium,SP.RUR.TOTL,Rural population,0,,,,,,,,,,,,,,,,,,,,,,,,,,,,,,,,,,,,,,,,,,,,,,,,,,,,,,,,,,,,,,,,,,,,,,,,,,,1468967,1463943,1458579,1453142,1447687,1442235,1436668,1431124,1425711,1420531,1415393,1410419,1405663,1401229,1396958,1392817,1388873,1385270,1381806,1378578,1375648,1372837,1370278,1367940,1365805,1363893,1362279
BEL,Belgium,SP.URB.TOTL,Urban population,0,,,,,,,,,,,,,,,,,,,,,,,,,,,,,,,,,,,,,,,,,,,,,,,,,,,,,,,,,,,,,,,,,,,,,,,,,,,10389643,10411586,10430009,10446700,10461939,10475770,10487250,10497257,10506494,10515612,10523131,10529844,10536068,10542507,10547876,10551825,10554789,10557748,10559102,10559492,10559308,10557093,10553769,10549036,10542653,10534733,10525544
BEN,Benin,SP.POP.TOTL,"Population, total",0,,,,,,,,,,,,,,,,,,,,,,,,,,,,,,,,,,,,,,,,,,,,,,,,,,,,,,,,,,,,,,,,,,,,,,,,,,,14462724,14814460,15170419,15529414,15890280,16253920,16618822,16985930,17357064,17731438,18109912,18492631,18878045,19264500,19655275,20049969,20445760,20843264,21242981,21643637,22042571,22443646,22846196,23245139,23642191,24038607,24433809
BEN,Benin,SP.RUR.TOTL,Rural population,0,,,,,,,,,,,,,,,,,,,,,,,,,,,,,,,,,,,,,,,,,,,,,,,,,,,,,,,,,,,,,,,,,,,,,,,,,,,6863208,6909167,6948767,6981178,7005615,7022223,7030090,7029372,7020541,7002968,6976682,6941407,6896234,6840276,6774412,6698149,6610224,6510564,6399033,6274955,6137322,5986988,5823471,5645243,5452593,5245624,5024001
BEN,Benin,SP.URB.TOTL,Urban population,0,,,,,,,,,,,,,,,,,,,,,,,,,,,,,,,,,,,,,,,,,,,,,,,,,,,,,,,,,,,,,,,,,,,,,,,,,,,7599516,7905293,8221652,8548236,8884665,9231697,9588732,9956558,10336523,10728470,11133230,11551224,11981811,12424224,12880863,13351820,13835536,14332700,14843948,15368682,15905249,16456658,17022725,17599896,18189598,18792983,19409808
BFA,Burkina Faso,SP.POP.TOTL,"Population, total",0,,,,,,,,,,,,,,,,,,,,,,,,,,,,,,,,,,,,,,,,,,,,,,,,,,,,,,,,,,,,,,,,,,,,,,,,,,,23548781,24074580,24601700,25130911,25661941,26194607,26730324,27270863,27815170,28363851,28916948,29469746,30019877,30567560,31112525,31654872,32193645,32728838,33260948,33788598,34311736,34829690,35339503,35842178,36336706,36823432,37304383
BFA,Burkina Faso,SP.RUR.TOTL,Rural population,0,,,,,,,,,,,,,,,,,,,,,,,,,,,,,,,,,,,,,,,,,,,,,,,,,,,,,,,,,,,,,,,,,,,,,,,,,,,16876175,17111577,17332171,17537983,17728306,17902509,18061050,18204588,18331866,18442742,18536693,18610195,18661370,18690029,18695698,18678150,18636557,18570690,18480618,18365384,18224821,18058462,17864735,17644198,17396412,17121647,16820956
BFA,Burkina Faso,SP.URB.TOTL,Urban population,0,,,,,,,,,,,,,,,,,,,,,,,,,,,,,,,,,,,,,,,,,,,,,,,,,,,,,,,,,,,,,,,,,,,,,,,,,,,6672606,6963003,7269529,7592928,7933635,8292098,8669274,9066275,9483304,9921109,10380255,10859551,11358507,11877531,12416827,12976722,13557088,14158148,14780330,15423214,16086915,16771228,17474768,18197980,18940294,19701785,20483427
BGD,Bangladesh,SP.POP.TOTL,"Population, total",0,,,,,,,,,,,,,,,,,,,,,,,,,,,,,,,,,,,,,,,,,,,,,,,,,,,,,,,,,,,,,,,,,,,,,,,,,,,173562364,175686899,177818044,179930175,182014774,184064620,186072407,188025198,189904568,191717185,193461166,195130372,196740575,198288196,199776948,201208774,202589429,203939079,205259486,206545483,207801055,209029594,210231190,211402170,212537928,213638540,214709097
BGD,Bangladesh,SP.RUR.TOTL,Rural population,0,,,,,,,,,,,,,,,,,,,,,,,,,,,,,,,,,,,,,,,,,,,,,,,,,,,,,,,,,,,,,,,,,,,,,,,,,,,116845100,117289303,117642252,117885220,118011292,118014708,117889975,117628424,117218563,116664967,115967042,115121929,114139905,113019763,111764679,110376857,108860608,107227695,105479594,103614299,101634625,99542986,97340168,95025334,92597513,90058048,87410361
BGD,Bangladesh,SP.URB.TOTL,Urban population,0,,,,,,,,,,,,,,,,,,,,,,,,,,,,,,,,,,,,,,,,,,,,,,,,,,,,,,,,,,,,,,,,,,,,,,,,,,,56717264,58397596,60175792,62044955,64003482,66049912,68182432,70396774,72686005,75052218,77494124,80008443,82600670,85268433,88012269,90831917,93728821,96711384,99779892,102931184,106166430,109486608,112891022,116376836,119940415,123580492,127298736
BGR,Bulgaria,SP.POP.TOTL,"Population, total",0,,,,,,,,,,,,,,,,,,,,,,,,,,,,,,,,,,,,,,,,,,,,,,,,,,,,,,,,,,,,,,,,,,,,,,,,,,,6441421,6398520,6351869,6302483,6251311,6198622,6144575,6090711,6037391,5983334,5929577,5876145,5822033,5768281,5715985,5663317,5611630,5560710,5511112,5462138,5413848,5366291,5319046,5271690,5225184,5178790,5132484
BGR,Bulgaria,SP.RUR.TOTL,Rural population,0,,,,,,,,,,,,,,,,,,,,,,,,,,,,,,,,,,,,,,,,,,,,,,,,,,,,,,,,,,,,,,,,,,,,,,,,,,,1677994,1652562,1626258,1599361,1572127,1544631,1516921,1489381,1462094,1434748,1407592,1380629,1353622,1326813,1300448,1274104,1248085,1222335,1196968,1171823,1146909,1122230,1097693,1073209,1048973,1024832,1000779
BGR,Bulgaria,SP.URB.TOTL,Urban population,0,,,,,,,,,,,,,,,,,,,,,,,,,,,,,,,,,,,,,,,,,,,,,,,,,,,,,,,,,,,,,,,,,,,,,,,,,,,4763427,4745958,4725611,4703122,4679184,4653991,4627654,4601330,4575297,4548586,4521985,4495516,4468411,4441468,4415537,4389213,4363545,4338375,4314144,4290315,4266939,4244061,4221353,4198481,4176211,4153958,4131705
BHR,Bahrain,SP.POP.TOTL,"Population, total",0,,,,,,,,,,,,,,,,,,,,,,,,,,,,,,,,,,,,,,,,,,,,,,,,,,,,,,,,,,,,,,,,,,,,,,,,,,,1588670,1622245,1652147,1676463,1697851,1716196,1733610,1751174,1768904,1786784,1804820,1822980,1841266,1859616,1878037,1896488,1914988,1933530,1952069,1970585,1989050,2007428,2025765,2044033,2062259,2080420,2098576
BHR,Bahrain,SP.RUR.TOTL,Rural population,0,,,,,,,,,,,,,,,,,,,,,,,,,,,,,,,,,,,,,,,,,,,,,,,,,,,,,,,,,,,,,,,,,,,,,,,,,,,0,0,0,0,0,0,0,0,0,0,0,0,0,0,0,0,0,0,0,0,0,0,0,0,0,0,0
BHR,Bahrain,SP.URB.TOTL,Urban population,0,,,,,,,,,,,,,,,,,,,,,,,,,,,,,,,,,,,,,,,,,,,,,,,,,,,,,,,,,,,,,,,,,,,,,,,,,,,1588670,1622245,1652147,1676463,1697851,1716196,1733610,1751174,1768904,1786784,1804820,1822980,1841266,1859616,1878037,1896488,1914988,1933530,1952069,1970585,1989050,2007428,2025765,2044033,2062259,2080420,2098576
BHS,"Bahamas, The",SP.POP.TOTL,"Population, total",0,,,,,,,,,,,,,,,,,,,,,,,,,,,,,,,,,,,,,,,,,,,,,,,,,,,,,,,,,,,,,,,,,,,,,,,,,,,401283,403033,404628,406120,407560,408947,410267,411538,412721,413841,414933,415978,416935,417839,418750,419582,420346,421072,421740,422332,422822,423262,423673,423947,424118,424240,424265
BHS,"Bahamas, The",SP.RUR.TOTL,Rural population,0,,,,,,,,,,,,,,,,,,,,,,,,,,,,,,,,,,,,,,,,,,,,,,,,,,,,,,,,,,,,,,,,,,,,,,,,,,,74940,75243,75505,75735,75941,76121,76272,76395,76481,76534,76558,76549,76498,76409,76293,76132,75926,75679,75388,75046,74649,74204,73713,73157,72540,71870,71140
BHS,"Bahamas, The",SP.URB.TOTL,Urban population,0,,,,,,,,,,,,,,,,,,,,,,,,,,,,,,,,,,,,,,,,,,,,,,,,,,,,,,,,,,,,,,,,,,,,,,,,,,,326343,327790,329123,330385,331619,332826,333995,335143,336240,337307,338375,339429,340437,341430,342457,343450,344420,345393,346352,347286,348173,349058,349960,350790,351578,352370,353125
BIH,Bosnia and Herzegovina,SP.POP.TOTL,"Population, total",0,,,,,,,,,,,,,,,,,,,,,,,,,,,,,,,,,,,,,,,,,,,,,,,,,,,,,,,,,,,,,,,,,,,,,,,,,,,3164253,3140095,3114242,3088093,3062436,3037871,3013974,2990106,2964777,2937841,2909774,2881542,2854441,2827718,2801186,2773794,2745010,2715223,2685736,2657001,2628412,2599927,2570924,2541520,2512793,2484044,2455167
BIH,Bosnia and Herzegovina,SP.RUR.TOTL,Rural population,0,,,,,,,,,,,,,,,,,,,,,,,,,,,,,,,,,,,,,,,,,,,,,,,,,,,,,,,,,,,,,,,,,,,,,,,,,,,1514967,1485530,1455193,1424643,1394257,1364308,1334600,1304853,1274437,1243332,1211780,1180213,1149167,1118334,1087644,1056706,1025350,993763,962446,931564,900902,870456,840030,809686,779781,750097,720614
BIH,Bosnia and Herzegovina,SP.URB.TOTL,Urban population,0,,,,,,,,,,,,,,,,,,,,,,,,,,,,,,,,,,,,,,,,,,,,,,,,,,,,,,,,,,,,,,,,,,,,,,,,,,,1649286,1654565,1659049,1663450,1668179,1673563,1679374,1685253,1690340,1694509,1697994,1701329,1705274,1709384,1713542,1717088,1719660,1721460,1723290,1725437,1727510,1729471,1730894,1731834,1733012,1733947,1734553
BLR,Belarus,SP.POP.TOTL,"Population, total",0,,,,,,,,,,,,,,,,,,,,,,,,,,,,,,,,,,,,,,,,,,,,,,,,,,,,,,,,,,,,,,,,,,,,,,,,,,,9132629,9074551,9015312,8956002,8895592,8833288,8770336,8707038,8642571,8577367,8512022,8446575,8381253,8316155,8250814,8185455,8120727,8056315,7993310,7930886,7868833,7807405,7746797,7686348,7625267,7564073,7502435
BLR,Belarus,SP.RUR.TOTL,Rural population,0,,,,,,,,,,,,,,,,,,,,,,,,,,,,,,,,,,,,,,,,,,,,,,,,,,,,,,,,,,,,,,,,,,,,,,,,,,,1903687,1860775,1818117,1775948,1734071,1692351,1651045,1610219,1569731,1529673,1490160,1451204,1412847,1375105,1337905,1301286,1265352,1230051,1195544,1161700,1128484,1095930,1064061,1032780,1001984,971746,942026
BLR,Belarus,SP.URB.TOTL,Urban population,0,,,,,,,,,,,,,,,,,,,,,,,,,,,,,,,,,,,,,,,,,,,,,,,,,,,,,,,,,,,,,,,,,,,,,,,,,,,7228942,7213776,7197195,7180054,7161521,7140937,7119291,7096819,7072840,7047694,7021862,6995371,6968406,6941050,6912909,6884169,6855375,6826264,6797766,6769186,6740349,6711475,6682736,6653568,6623283,6592327,6560409
BLZ,Belize,SP.POP.TOTL,"Population, total",0,,,,,,,,,,,,,,,,,,,,,,,,,,,,,,,,,,,,,,,,,,,,,,,,,,,,,,,,,,,,,,,,,,,,,,,,,,,417072,422924,428644,434213,439579,444795,449839,454728,459517,464207,468779,473132,477231,481156,484878,488332,491595,494724,497695,500508,503178,505700,508114,510428,512649,514719,516627
BLZ,Belize,SP.RUR.TOTL,Rural population,0,,,,,,,,,,,,,,,,,,,,,,,,,,,,,,,,,,,,,,,,,,,,,,,,,,,,,,,,,,,,,,,,,,,,,,,,,,,242931,247148,251314,255271,258425,261486,264437,267285,270057,272748,275344,277780,280031,282138,284081,285815,287381,288807,290075,291179,292123,292898,293524,294000,294323,294457,294390
BLZ,Belize,SP.URB.TOTL,Urban population,0,,,,,,,,,,,,,,,,,,,,,,,,,,,,,,,,,,,,,,,,,,,,,,,,,,,,,,,,,,,,,,,,,,,,,,,,,,,174141,175776,177330,178942,181154,183309,185402,187443,189460,191459,193435,195352,197200,199018,200797,202517,204214,205917,207620,209329,211055,212802,214590,216428,218326,220262,222237
BMU,Bermuda,SP.POP.TOTL,"Population, total",0,,,,,,,,,,,,,,,,,,,,,,,,,,,,,,,,,,,,,,,,,,,,,,,,,,,,,,,,,,,,,,,,,,,,,,,,,,,64636,64555,64459,64341,64200,64043,63868,63681,63486,63275,63039,62782,62500,62202,61892,61563,61215,60859,60482,60084,59678,59259,58825,58377,57910,57429,56937
BMU,Bermuda,SP.RUR.TOTL,Rural population,0,,,,,,,,,,,,,,,,,,,,,,,,,,,,,,,,,,,,,,,,,,,,,,,,,,,,,,,,,,,,,,,,,,,,,,,,,,,0,0,0,0,0,0,0,0,0,0,0,0,0,0,0,0,0,0,0,0,0,0,0,0,0,0,0
BMU,Bermuda,SP.URB.TOTL,Urban population,0,,,,,,,,,,,,,,,,,,,,,,,,,,,,,,,,,,,,,,,,,,,,,,,,,,,,,,,,,,,,,,,,,,,,,,,,,,,64636,64555,64459,64341,64200,64043,63868,63681,63486,63275,63039,62782,62500,62202,61892,61563,61215,60859,60482,60084,59678,59259,58825,58377,57910,57429,56937
BOL,Bolivia,SP.POP.TOTL,"Population, total",0,,,,,,,,,,,,,,,,,,,,,,,,,,,,,,,,,,,,,,,,,,,,,,,,,,,,,,,,,,,,,,,,,,,,,,,,,,,12413315,12581843,12749291,12915589,13080492,13243777,13405564,13565508,13723362,13879051,14032582,14183823,14332320,14478103,14621409,14761948,14899397,15033985,15165743,15294512,15420210,15542791,15662315,15778746,15892253,16002810,16110162
BOL,Bolivia,SP.RUR.TOTL,Rural population,0,,,,,,,,,,,,,,,,,,,,,,,,,,,,,,,,,,,,,,,,,,,,,,,,,,,,,,,,,,,,,,,,,,,,,,,,,,,3570548,3577886,3583024,3585891,3586362,3584325,3579759,3572519,3562489,3549601,3533806,3515021,3493088,3467971,3439679,3408101,3373119,3334746,3292947,3247647,3198790,3146331,3090245,3030491,2967066,2899929,2829003
BOL,Bolivia,SP.URB.TOTL,Urban population,0,,,,,,,,,,,,,,,,,,,,,,,,,,,,,,,,,,,,,,,,,,,,,,,,,,,,,,,,,,,,,,,,,,,,,,,,,,,8842767,9003957,9166267,9329698,9494130,9659452,9825805,9992989,10160873,10329450,10498776,10668802,10839232,11010132,11181730,11353847,11526278,11699239,11872796,12046865,12221420,12396460,12572070,12748255,12925187,13102881,13281159
BRA,Brazil,SP.POP.TOTL,"Population, total",0,,,,,,,,,,,,,,,,,,,,,,,,,,,,,,,,,,,,,,,,,,,,,,,,,,,,,,,,,,,,,,,,,,,,,,,,,,,211998573,212812405,213562666,214261025,214911373,215515171,216074411,216587350,217055384,217479384,217860883,218199707,218495204,218747241,218955562,219118373,219237084,219307149,219319761,219276520,219178995,219026196,218821033,218565368,218258220,217897826,217489299
BRA,Brazil,SP.RUR.TOTL,Rural population,0,,,,,,,,,,,,,,,,,,,,,,,,,,,,,,,,,,,,,,,,,,,,,,,,,,,,,,,,,,,,,,,,,,,,,,,,,,,25660615,25160173,24642004,24107819,23558352,22994038,22386547,22074955,21817597,21565328,21322392,21089223,20866192,20653708,20452149,20261737,20082973,19915794,19759749,19615315,19482938,19362808,19255433,19161193,19080182,19012336,18959077
BRA,Brazil,SP.URB.TOTL,Urban population,0,,,,,,,,,,,,,,,,,,,,,,,,,,,,,,,,,,,,,,,,,,,,,,,,,,,,,,,,,,,,,,,,,,,,,,,,,,,186337958,187652232,188920662,190153206,191353021,192521133,193687864,194512395,195237787,195914056,196538491,197110484,197629012,198093533,198503413,198856636,199154111,199391355,199560012,199661205,199696057,199663388,199565600,199404175,199178038,198885490,198530222
BRB,Barbados,SP.POP.TOTL,"Population, total",0,,,,,,,,,,,,,,,,,,,,,,,,,,,,,,,,,,,,,,,,,,,,,,,,,,,,,,,,,,,,,,,,,,,,,,,,,,,282467,282623,282724,282786,282793,282695,282490,282204,281844,281400,280901,280342,279692,278967,278151,277278,276346,275351,274292,273143,271961,270774,269536,268224,266890,265555,264216
BRB,Barbados,SP.RUR.TOTL,Rural population,0,,,,,,,,,,,,,,,,,,,,,,,,,,,,,,,,,,,,,,,,,,,,,,,,,,,,,,,,,,,,,,,,,,,,,,,,,,,114287,113898,113366,112699,111895,110938,109831,108587,107214,105713,104098,102373,100529,98579,96521,94372,92137,89819,87422,84943,82407,79824,77186,74492,71760,69000,66216
BRB,Barbados,SP.URB.TOTL,Urban population,0,,,,,,,,,,,,,,,,,,,,,,,,,,,,,,,,,,,,,,,,,,,,,,,,,,,,,,,,,,,,,,,,,,,,,,,,,,,168180,168725,169358,170087,170898,171757,172659,173617,174630,175687,176803,177969,179163,180388,181630,182906,184209,185532,186870,188200,189554,190950,192350,193732,195130,196555,198000
BRN,Brunei Darussalam,SP.POP.TOTL,"Population, total",0,,,,,,,,,,,,,,,,,,,,,,,,,,,,,,,,,,,,,,,,,,,,,,,,,,,,,,,,,,,,,,,,,,,,,,,,,,,462721,466330,469775,473156,476433,479495,482447,485316,487952,490437,492894,495290,497555,499704,501920,504066,505976,507803,509545,511129,512595,514052,515418,516606,517702,518691,519551
BRN,Brunei Darussalam,SP.RUR.TOTL,Rural population,0,,,,,,,,,,,,,,,,,,,,,,,,,,,,,,,,,,,,,,,,,,,,,,,,,,,,,,,,,,,,,,,,,,,,,,,,,,,116151,116531,116703,116690,116482,116049,115418,114596,113546,112290,110855,109236,107416,105402,103231,100876,98305,95552,92617,89491,86184,82716,79075,75252,71264,67113,62798
BRN,Brunei Darussalam,SP.URB.TOTL,Urban population,0,,,,,,,,,,,,,,,,,,,,,,,,,,,,,,,,,,,,,,,,,,,,,,,,,,,,,,,,,,,,,,,,,,,,,,,,,,,346570,349799,353072,356466,359951,363446,367029,370720,374406,378147,382039,386054,390139,394302,398689,403190,407671,412251,416928,421638,426411,431336,436343,441354,446438,451578,456753
BTN,Bhutan,SP.POP.TOTL,"Population, total",0,,,,,,,,,,,,,,,,,,,,,,,,,,,,,,,,,,,,,,,,,,,,,,,,,,,,,,,,,,,,,,,,,,,,,,,,,,,791524,796682,802214,807265,811841,816271,820694,825471,830346,834986,839043,843202,847702,851842,855557,858918,862129,865157,868155,871100,873739,876173,878158,879456,880490,881435,882340
BTN,Bhutan,SP.RUR.TOTL,Rural population,0,,,,,,,,,,,,,,,,,,,,,,,,,,,,,,,,,,,,,,,,,,,,,,,,,,,,,,,,,,,,,,,,,,,,,,,,,,,454616,450682,446572,441778,436660,435648,434673,434013,433535,433066,432433,431992,431867,431701,431467,431205,431019,430897,430916,431066,431223,431438,431594,431576,431592,431728,432006
BTN,Bhutan,SP.URB.TOTL,Urban population,0,,,,,,,,,,,,,,,,,,,,,,,,,,,,,,,,,,,,,,,,,,,,,,,,,,,,,,,,,,,,,,,,,,,,,,,,,,,336908,346000,355642,365487,375181,380623,386021,391458,396811,401920,406610,411210,415835,420141,424090,427713,431110,434260,437239,440034,442516,444735,446564,447880,448898,449707,450334
BWA,Botswana,SP.POP.TOTL,"Population, total",0,,,,,,,,,,,,,,,,,,,,,,,,,,,,,,,,,,,,,,,,,,,,,,,,,,,,,,,,,,,,,,,,,,,,,,,,,,,2521139,2562122,2603388,2644642,2685608,2726044,2765918,2804989,2843233,2880983,2917977,2954414,2990135,3025228,3059532,3093374,3126640,3159131,3190970,3222567,3254015,3285301,3317003,3348499,3379112,3408768,3437430
BWA,Botswana,SP.RUR.TOTL,Rural population,0,,,,,,,,,,,,,,,,,,,,,,,,,,,,,,,,,,,,,,,,,,,,,,,,,,,,,,,,,,,,,,,,,,,,,,,,,,,820319,821007,819733,819143,823855,828097,832227,836199,840033,843853,847608,851383,855156,858979,862831,866831,870970,875219,879636,884359,889437,894888,900892,907305,913965,920887,928062
BWA,Botswana,SP.URB.TOTL,Urban population,0,,,,,,,,,,,,,,,,,,,,,,,,,,,,,,,,,,,,,,,,,,,,,,,,,,,,,,,,,,,,,,,,,,,,,,,,,,,1700820,1741115,1783655,1825499,1861753,1897947,1933691,1968790,2003200,2037130,2070369,2103031,2134979,2166249,2196701,2226543,2255670,2283912,2311334,2338208,2364578,2390413,2416111,2441194,2465147,2487881,2509368
CAF,Central African Republic,SP.POP.TOTL,"Population, total",0,,,,,,,,,,,,,,,,,,,,,,,,,,,,,,,,,,,,,,,,,,,,,,,,,,,,,,,,,,,,,,,,,,,,,,,,,,,5330690,5513282,5698984,5888123,6082465,6279732,6478245,6680057,6884139,7089443,7296247,7502587,7707561,7911631,8115863,8321556,8526455,8729074,8931163,9134996,9341762,9550893,9761444,9972764,10186017,10400626,10616753
CAF,Central African Republic,SP.RUR.TOTL,Rural population,0,,,,,,,,,,,,,,,,,,,,,,,,,,,,,,,,,,,,,,,,,,,,,,,,,,,,,,,,,,,,,,,,,,,,,,,,,,,2978557,3056938,3135296,3213750,3293190,3372305,3450137,3527733,3604485,3679794,3753762,3825341,3894055,3960129,4024076,4086506,4146272,4202642,4256455,4308762,4360062,4410019,4458135,4504062,4548275,4590457,4630623
CAF,Central African Republic,SP.URB.TOTL,Urban population,0,,,,,,,,,,,,,,,,,,,,,,,,,,,,,,,,,,,,,,,,,,,,,,,,,,,,,,,,,,,,,,,,,,,,,,,,,,,2352133,2456344,2563688,2674373,2789275,2907427,3028108,3152324,3279654,3409649,3542485,3677246,3813506,3951502,4091787,4235050,4380183,4526432,4674708,4826234,4981700,5140874,5303309,5468702,5637742,5810169,5986130
CAN,Canada,SP.POP.TOTL,"Population, total",0,,,,,,,,,,,,,,,,,,,,,,,,,,,,,,,,,,,,,,,,,,,,,,,,,,,,,,,,,,,,,,,,,,,,,,,,,,,41288599,41634760,41939012,42227928,42506868,42768916,43023604,43272288,43506648,43721200,43939652,44134920,44334436,44528768,44717384,44892964,45059368,45224748,45387532,45544968,45701552,45862396,46009408,46157360,46310040,46449684,46603800
CAN,Canada,SP.RUR.TOTL,Rural population,0,,,,,,,,,,,,,,,,,,,,,,,,,,,,,,,,,,,,,,,,,,,,,,,,,,,,,,,,,,,,,,,,,,,,,,,,,,,7142822,7129660,7108073,7082731,7054597,7022581,6988313,6952043,6912472,6868809,6824834,6776360,6727666,6677308,6625228,6570377,6513376,6455431,6396319,6335663,6274102,6212325,6147884,6082794,6017534,5949795,5883114
CAN,Canada,SP.URB.TOTL,Urban population,0,,,,,,,,,,,,,,,,,,,,,,,,,,,,,,,,,,,,,,,,,,,,,,,,,,,,,,,,,,,,,,,,,,,,,,,,,,,34145777,34505100,34830939,35145197,35452271,35746335,36035291,36320245,36594176,36852391,37114818,37358560,37606770,37851460,38092156,38322587,38545992,38769317,38991213,39209305,39427450,39650071,39861524,40074566,40292506,40499889,40720686
CHE,Switzerland,SP.POP.TOTL,"Population, total",0,,,,,,,,,,,,,,,,,,,,,,,,,,,,,,,,,,,,,,,,,,,,,,,,,,,,,,,,,,,,,,,,,,,,,,,,,,,9005582,9045135,9079037,9109723,9137022,9160168,9182233,9203123,9219889,9235463,9250914,9263172,9273731,9283193,9290627,9297469,9306308,9310368,9316790,9320079,9322457,9323195,9324002,9325630,9327309,9325897,9323551
CHE,Switzerland,SP.RUR.TOTL,Rural population,0,,,,,,,,,,,,,,,,,,,,,,,,,,,,,,,,,,,,,,,,,,,,,,,,,,,,,,,,,,,,,,,,,,,,,,,,,,,1309273,1290993,1272656,1254652,1236989,1219595,1202907,1186925,1171286,1156385,1142365,1128853,1116050,1104034,1092704,1082234,1072927,1064002,1056282,1049145,1042845,1037301,1032706,1029140,1026515,1024480,1023332
CHE,Switzerland,SP.URB.TOTL,Urban population,0,,,,,,,,,,,,,,,,,,,,,,,,,,,,,,,,,,,,,,,,,,,,,,,,,,,,,,,,,,,,,,,,,,,,,,,,,,,7696309,7754142,7806381,7855071,7900033,7940573,7979326,8016198,8048603,8079078,8108549,8134319,8157681,8179159,8197923,8215235,8233381,8246366,8260508,8270934,8279612,8285894,8291296,8296490,8300794,8301417,8300219
CHI,Channel Islands,SP.POP.TOTL,"Population, total",0,,,,,,,,,,,,,,,,,,,,,,,,,,,,,,,,,,,,,,,,,,,,,,,,,,,,,,,,,,,,,,,,,,,,,,,,,,,168126,168466,168715,168916,169091,169228,169341,169435,169521,169601,169656,169676,169665,169650,169631,169578,169515,169444,169345,169225,169074,168897,168705,168480,168217,167914,167566
CHI,Channel Islands,SP.RUR.TOTL,Rural population,0,,,,,,,,,,,,,,,,,,,,,,,,,,,,,,,,,,,,,,,,,,,,,,,,,,,,,,,,,,,,,,,,,,,,,,,,,,,113139,113473,113768,114052,114341,114627,114918,115219,115537,115873,116213,116551,116890,117248,117624,117998,118386,118789,119193,119603,120011,120420,120837,121250,121655,122048,122426
CHI,Channel Islands,SP.URB.TOTL,Urban population,0,,,,,,,,,,,,,,,,,,,,,,,,,,,,,,,,,,,,,,,,,,,,,,,,,,,,,,,,,,,,,,,,,,,,,,,,,,,54987,54993,54947,54864,54750,54601,54423,54216,53984,53728,53443,53125,52775,52402,52007,51580,51129,50655,50152,49622,49063,48477,47868,47230,46562,45866,45140
CHL,Chile,SP.POP.TOTL,"Population, total",0,,,,,,,,,,,,,,,,,,,,,,,,,,,,,,,,,,,,,,,,,,,,,,,,,,,,,,,,,,,,,,,,,,,,,,,,,,,19764771,19859921,19945850,20026154,20100933,20169624,20233183,20290985,20341807,20385072,20422549,20455940,20485086,20507949,20524482,20535706,20542103,20543285,20539916,20532924,20519684,20499138,20473282,20443723,20408336,20366442,20320306
CHL,Chile,SP.RUR.TOTL,Rural population,0,,,,,,,,,,,,,,,,,,,,,,,,,,,,,,,,,,,,,,,,,,,,,,,,,,,,,,,,,,,,,,,,,,,,,,,,,,,2175095,2149383,2121740,2092573,2061905,2029692,1996044,1960913,1924200,1885878,1846136,1805145,1762902,1719249,1674208,1627889,1580352,1531590,1481674,1430690,1378477,1325004,1270438,1214910,1158317,1100663,1042111
CHL,Chile,SP.URB.TOTL,Urban population,0,,,,,,,,,,,,,,,,,,,,,,,,,,,,,,,,,,,,,,,,,,,,,,,,,,,,,,,,,,,,,,,,,,,,,,,,,,,17589676,17710538,17824110,17933581,18039028,18139932,18237139,18330072,18417607,18499194,18576413,18650795,18722184,18788700,18850274,18907817,18961751,19011695,19058242,19102234,19141207,19174134,19202844,19228813,19250019,19265779,19278195
CHN,China,SP.POP.TOTL,"Population, total",0,,,,,,,,,,,,,,,,,,,,,,,,,,,,,,,,,,,,,,,,,,,,,,,,,,,,,,,,,,,,,,,,,,,,,,,,,,,1408975000,1405769984,1402844672,1399638272,1396042752,1392048128,1387690752,1382928896,1377818368,1372368000,1366650624,1360682112,1354473984,1348068608,1341526784,1334770048,1327848192,1320742144,1313475840,1306040576,1298343168,1290258048,1281722880,1272739328,1263202944,1253084544,1242451200
CHN,China,SP.RUR.TOTL,Rural population,0,,,,,,,,,,,,,,,,,,,,,,,,,,,,,,,,,,,,,,,,,,,,,,,,,,,,,,,,,,,,,,,,,,,,,,,,,,,480535177,473140130,465468900,457254897,448463811,439095425,429164999,418664149,407615379,396027010,383925963,371322160,358224574,344650369,330620388,316120758,301170309,285771563,269937260,253673337,236971276,219822162,202234224,184229400,165816993,147022358,127884332
CHN,China,SP.URB.TOTL,Urban population,0,,,,,,,,,,,,,,,,,,,,,,,,,,,,,,,,,,,,,,,,,,,,,,,,,,,,,,,,,,,,,,,,,,,,,,,,,,,928439823,932629854,937375772,942383375,947578941,952952703,958525753,964264747,970202989,976340990,982724661,989359952,996249410,1003418239,1010906396,1018649290,1026677883,1034970581,1043538580,1052367239,1061371892,1070435886,1079488656,1088509928,1097385951,1106062186,1114566868
CIV,Cote d'Ivoire,SP.POP.TOTL,"Population, total",0,,,,,,,,,,,,,,,,,,,,,,,,,,,,,,,,,,,,,,,,,,,,,,,,,,,,,,,,,,,,,,,,,,,,,,,,,,,31934230,32711547,33494346,34281130,35077096,35883455,36699009,37529365,38376606,39244384,40132808,41033849,41948467,42879999,43824369,44778745,45743925,46717432,47702162,48700665,49709046,50716067,51718056,52721463,53730596,54739406,55746985
CIV,Cote d'Ivoire,SP.RUR.TOTL,Rural population,0,,,,,,,,,,,,,,,,,,,,,,,,,,,,,,,,,,,,,,,,,,,,,,,,,,,,,,,,,,,,,,,,,,,,,,,,,,,14698269,14867742,15027369,15176096,15315820,15446584,15567369,15680018,15784764,15882407,15972222,16050276,16116291,16170847,16211665,16237022,16246549,16238702,16213824,16172039,16111286,16027292,15918466,15786366,15631705,15452113,15246827
CIV,Cote d'Ivoire,SP.URB.TOTL,Urban population,0,,,,,,,,,,,,,,,,,,,,,,,,,,,,,,,,,,,,,,,,,,,,,,,,,,,,,,,,,,,,,,,,,,,,,,,,,,,17235961,17843805,18466977,19105034,19761276,20436871,21131640,21849347,22591842,23361977,24160586,24983573,25832176,26709152,27612704,28541723,29497376,30478730,31488338,32528626,33597760,34688775,35799590,36935097,38098891,39287293,40500158
CMR,Cameroon,SP.POP.TOTL,"Population, total",0,,,,,,,,,,,,,,,,,,,,,,,,,,,,,,,,,,,,,,,,,,,,,,,,,,,,,,,,,,,,,,,,,,,,,,,,,,,29123744,29879337,30640817,31410384,32190668,32979283,33777190,34584117,35399671,36223483,37054810,37893818,38742467,39600372,40463012,41332840,42208003,43089980,43976016,44857801,45741474,46629039,47519038,48413783,49308765,50203270,51096317
CMR,Cameroon,SP.RUR.TOTL,Rural population,0,,,,,,,,,,,,,,,,,,,,,,,,,,,,,,,,,,,,,,,,,,,,,,,,,,,,,,,,,,,,,,,,,,,,,,,,,,,12988265,13245748,13504436,13765486,14030228,14297800,14568816,14843362,15121482,15403243,15688567,15977773,16271941,16571166,16873831,17181253,17492960,17809872,18131169,18453763,18780531,19112642,19449848,19793450,20141962,20495429,20854203
CMR,Cameroon,SP.URB.TOTL,Urban population,0,,,,,,,,,,,,,,,,,,,,,,,,,,,,,,,,,,,,,,,,,,,,,,,,,,,,,,,,,,,,,,,,,,,,,,,,,,,16135479,16633589,17136381,17644898,18160440,18681483,19208374,19740755,20278189,20820240,21366243,21916045,22470526,23029206,23589181,24151587,24715043,25280108,25844847,26404038,26960943,27516397,28069190,28620333,29166803,29707841,30242114
COD,"Congo, Dem. Rep.",SP.POP.TOTL,"Population, total",0,,,,,,,,,,,,,,,,,,,,,,,,,,,,,,,,,,,,,,,,,,,,,,,,,,,,,,,,,,,,,,,,,,,,,,,,,,,109276265,112832473,116452162,120129746,123871549,127674140,131532201,135447495,139408612,143414030,147468136,151560103,155689455,159848576,164045609,168296695,172595582,176946263,181350405,185805164,190312002,194865379,199464484,204105927,208783693,213497692,218246072
COD,"Congo, Dem. Rep.",SP.RUR.TOTL,Rural population,0,,,,,,,,,,,,,,,,,,,,,,,,,,,,,,,,,,,,,,,,,,,,,,,,,,,,,,,,,,,,,,,,,,,,,,,,,,,60379966,61929724,63490444,65058695,66637548,68224784,69817248,71415609,73013628,74610384,76208046,77800924,79388772,80967746,82542048,84119781,85697728,87277828,88860840,90445325,92031981,93618138,95203473,96786464,98364413,99937485,101505040
COD,"Congo, Dem. Rep.",SP.URB.TOTL,Urban population,0,,,,,,,,,,,,,,,,,,,,,,,,,,,,,,,,,,,,,,,,,,,,,,,,,,,,,,,,,,,,,,,,,,,,,,,,,,,48896299,50902749,52961718,55071051,57234001,59449356,61714953,64031886,66394984,68803646,71260090,73759179,76300683,78880830,81503561,84176914,86897854,89668435,92489565,95359839,98280021,101247241,104261011,107319463,110419280,113560207,116741032
COG,"Congo, Rep.",SP.POP.TOTL,"Population, total",0,,,,,,,,,,,,,,,,,,,,,,,,,,,,,,,,,,,,,,,,,,,,,,,,,,,,,,,,,,,,,,,,,,,,,,,,,,,6332961,6484437,6637785,6794294,6953972,7116463,7282266,7452409,7626477,7802999,7981344,8160733,8341711,8524801,8709726,8896174,9083971,9274659,9466760,9658842,9850507,10041901,10234371,10427912,10621399,10813655,11006471
COG,"Congo, Rep.",SP.RUR.TOTL,Rural population,0,,,,,,,,,,,,,,,,,,,,,,,,,,,,,,,,,,,,,,,,,,,,,,,,,,,,,,,,,,,,,,,,,,,,,,,,,,,2287047,2326379,2363483,2398700,2431907,2462852,2491584,2518320,2542775,2564328,2582652,2597394,2608630,2616424,2620587,2620932,2617321,2610109,2598782,2582883,2562270,2536956,2507251,2473108,2434227,2390342,2341846
COG,"Congo, Rep.",SP.URB.TOTL,Urban population,0,,,,,,,,,,,,,,,,,,,,,,,,,,,,,,,,,,,,,,,,,,,,,,,,,,,,,,,,,,,,,,,,,,,,,,,,,,,4045914,4158058,4274302,4395594,4522065,4653611,4790682,4934089,5083702,5238671,5398692,5563339,5733081,5908377,6089139,6275242,6466650,6664550,6867978,7075959,7288237,7504945,7727120,7954804,8187172,8423313,8664625
COL,Colombia,SP.POP.TOTL,"Population, total",0,,,,,,,,,,,,,,,,,,,,,,,,,,,,,,,,,,,,,,,,,,,,,,,,,,,,,,,,,,,,,,,,,,,,,,,,,,,52886363,53425635,53936226,54422266,54885116,55322626,55736475,56125963,56490499,56832260,57151612,57445753,57716865,57965296,58190077,58394306,58576446,58736885,58878128,59000357,59104590,59190823,59259760,59313134,59351253,59375010,59385357
COL,Colombia,SP.RUR.TOTL,Rural population,0,,,,,,,,,,,,,,,,,,,,,,,,,,,,,,,,,,,,,,,,,,,,,,,,,,,,,,,,,,,,,,,,,,,,,,,,,,,11359419,11335428,11293975,11236015,11161920,11071371,10964853,10842397,10704088,10550559,10382103,10198470,10000339,9788066,9561807,9322403,9069940,8804841,8527845,8239334,7939813,7629648,7309307,6979377,6640256,6292423,5936279
COL,Colombia,SP.URB.TOTL,Urban population,0,,,,,,,,,,,,,,,,,,,,,,,,,,,,,,,,,,,,,,,,,,,,,,,,,,,,,,,,,,,,,,,,,,,,,,,,,,,41526944,42090207,42642251,43186251,43723196,44251255,44771622,45283566,45786411,46281701,46769509,47247283,47716526,48177230,48628270,49071903,49506506,49932044,50350283,50761023,51164777,51561175,51950453,52333757,52710997,53082587,53449078
COM,Comoros,SP.POP.TOTL,"Population, total",0,,,,,,,,,,,,,,,,,,,,,,,,,,,,,,,,,,,,,,,,,,,,,,,,,,,,,,,,,,,,,,,,,,,,,,,,,,,866628,882847,899010,915174,931431,947807,964264,980775,997350,1014062,1030870,1047763,1064851,1081999,1099148,1116420,1133778,1151149,1168512,1185959,1203544,1221072,1238455,1255711,1273038,1290369,1307558
COM,Comoros,SP.RUR.TOTL,Rural population,0,,,,,,,,,,,,,,,,,,,,,,,,,,,,,,,,,,,,,,,,,,,,,,,,,,,,,,,,,,,,,,,,,,,,,,,,,,,575968,583195,590136,596822,603308,609603,615676,621502,627081,632452,637583,642458,647138,651532,655599,659405,662921,666097,668915,671422,673641,675456,676814,677723,678286,678460,678165
COM,Comoros,SP.URB.TOTL,Urban population,0,,,,,,,,,,,,,,,,,,,,,,,,,,,,,,,,,,,,,,,,,,,,,,,,,,,,,,,,,,,,,,,,,,,,,,,,,,,290660,299652,308874,318352,328123,338204,348588,359273,370269,381610,393287,405305,417713,430467,443549,457015,470857,485052,499597,514537,529903,545616,561641,577988,594752,611909,629393
CPV,Cabo Verde,SP.POP.TOTL,"Population, total",0,,,,,,,,,,,,,,,,,,,,,,,,,,,,,,,,,,,,,,,,,,,,,,,,,,,,,,,,,,,,,,,,,,,,,,,,,,,524877,527326,529630,531871,534115,536347,538614,540764,542795,544758,546652,548591,550474,552287,554082,555797,557374,558818,560137,561347,562463,563476,564354,565021,565508,565898,566134
CPV,Cabo Verde,SP.RUR.TOTL,Rural population,0,,,,,,,,,,,,,,,,,,,,,,,,,,,,,,,,,,,,,,,,,,,,,,,,,,,,,,,,,,,,,,,,,,,,,,,,,,,121918,117962,113980,109995,106029,102083,98172,94273,90394,86552,82753,79021,75347,71736,68200,64740,61355,58055,54848,51745,48752,45878,43126,40499,38006,35661,33467
CPV,Cabo Verde,SP.URB.TOTL,Urban population,0,,,,,,,,,,,,,,,,,,,,,,,,,,,,,,,,,,,,,,,,,,,,,,,,,,,,,,,,,,,,,,,,,,,,,,,,,,,402959,409364,415650,421876,428086,434264,440442,446491,452401,458206,463899,469570,475127,480551,485882,491057,496019,500763,505289,509602,513711,517598,521228,524522,527502,530237,532667
CRI,Costa Rica,SP.POP.TOTL,"Population, total",0,,,,,,,,,,,,,,,,,,,,,,,,,,,,,,,,,,,,,,,,,,,,,,,,,,,,,,,,,,,,,,,,,,,,,,,,,,,5129910,5152950,5174789,5195555,5215253,5233881,5251497,5268134,5283807,5298513,5312162,5324699,5336139,5346410,5355518,5363364,5369806,5374936,5378672,5380914,5381722,5381019,5378758,5374951,5369577,5362650,5354150
CRI,Costa Rica,SP.RUR.TOTL,Rural population,0,,,,,,,,,,,,,,,,,,,,,,,,,,,,,,,,,,,,,,,,,,,,,,,,,,,,,,,,,,,,,,,,,,,,,,,,,,,1061339,1044667,1028239,1012114,996328,980912,965909,951355,937283,923720,910680,898180,886251,874909,864179,854072,844589,835770,827624,820156,813398,807356,802041,797470,793655,790614,788334
CRI,Costa Rica,SP.URB.TOTL,Urban population,0,,,,,,,,,,,,,,,,,,,,,,,,,,,,,,,,,,,,,,,,,,,,,,,,,,,,,,,,,,,,,,,,,,,,,,,,,,,4068571,4108283,4146550,4183441,4218925,4252969,4285588,4316779,4346524,4374793,4401482,4426519,4449888,4471501,4491339,4509292,4525217,4539166,4551048,4560758,4568324,4573663,4576717,4577481,4575922,4572036,4565816
CUB,Cuba,SP.POP.TOTL,"Population, total",0,,,,,,,,,,,,,,,,,,,,,,,,,,,,,,,,,,,,,,,,,,,,,,,,,,,,,,,,,,,,,,,,,,,,,,,,,,,10979783,10937203,10892659,10846703,10799585,10750891,10700822,10649677,10597333,10543535,10488275,10431762,10373929,10314336,10253198,10190470,10125837,10059304,9990896,9920669,9848745,9775199,9699828,9622709,9544141,9463927,9381999
CUB,Cuba,SP.RUR.TOTL,Rural population,0,,,,,,,,,,,,,,,,,,,,,,,,,,,,,,,,,,,,,,,,,,,,,,,,,,,,,,,,,,,,,,,,,,,,,,,,,,,2507070,2490721,2471795,2450455,2426791,2400750,2372417,2341898,2309208,2274334,2237322,2198263,2157191,2114066,2068986,2021997,1973095,1922345,1869814,1815580,1759733,1702352,1643473,1583182,1521600,1458769,1394754
CUB,Cuba,SP.URB.TOTL,Urban population,0,,,,,,,,,,,,,,,,,,,,,,,,,,,,,,,,,,,,,,,,,,,,,,,,,,,,,,,,,,,,,,,,,,,,,,,,,,,8472713,8446482,8420864,8396248,8372794,8350141,8328405,8307779,8288125,8269201,8250953,8233499,8216738,8200270,8184212,8168473,8152742,8136959,8121082,8105089,8089012,8072847,8056355,8039527,8022541,8005158,7987245
CUW,Curacao,SP.POP.TOTL,"Population, total",0,,,,,,,,,,,,,,,,,,,,,,,,,,,,,,,,,,,,,,,,,,,,,,,,,,,,,,,,,,,,,,,,,,,,,,,,,,,155967,155975,155952,155906,155827,155685,155491,155281,155045,154770,154470,154164,153807,153442,153080,152651,152206,151756,151280,150798,150267,149747,149251,148685,148137,147560,146993
CUW,Curacao,SP.RUR.TOTL,Rural population,0,,,,,,,,,,,,,,,,,,,,,,,,,,,,,,,,,,,,,,,,,,,,,,,,,,,,,,,,,,,,,,,,,,,,,,,,,,,13363,13300,13212,13100,12963,12800,12613,12405,12175,11925,11656,11369,11063,10741,10405,10051,9683,9303,8910,8506,8090,7666,7234,6792,6343,5888,5427
CUW,Curacao,SP.URB.TOTL,Urban population,0,,,,,,,,,,,,,,,,,,,,,,,,,,,,,,,,,,,,,,,,,,,,,,,,,,,,,,,,,,,,,,,,,,,,,,,,,,,142604,142675,142740,142806,142864,142885,142878,142876,142870,142845,142814,142795,142744,142701,142675,142600,142523,142453,142370,142292,142177,142081,142017,141893,141794,141672,141566
CYM,Cayman Islands,SP.POP.TOTL,"Population, total",0,,,,,,,,,,,,,,,,,,,,,,,,,,,,,,,,,,,,,,,,,,,,,,,,,,,,,,,,,,,,,,,,,,,,,,,,,,,74457,75844,77196,78532,79855,81145,82415,83681,84921,86138,87327,88469,89608,90749,91879,92996,94116,95222,96302,97368,98393,99382,100344,101269,102198,103090,103959
CYM,Cayman Islands,SP.RUR.TOTL,Rural population,0,,,,,,,,,,,,,,,,,,,,,,,,,,,,,,,,,,,,,,,,,,,,,,,,,,,,,,,,,,,,,,,,,,,,,,,,,,,0,0,0,0,0,0,0,0,0,0,0,0,0,0,0,0,0,0,0,0,0,0,0,0,0,0,0
CYM,Cayman Islands,SP.URB.TOTL,Urban population,0,,,,,,,,,,,,,,,,,,,,,,,,,,,,,,,,,,,,,,,,,,,,,,,,,,,,,,,,,,,,,,,,,,,,,,,,,,,74457,75844,77196,78532,79855,81145,82415,83681,84921,86138,87327,88469,89608,90749,91879,92996,94116,95222,96302,97368,98393,99382,100344,101269,102198,103090,103959
CYP,Cyprus,SP.POP.TOTL,"Population, total",0,,,,,,,,,,,,,,,,,,,,,,,,,,,,,,,,,,,,,,,,,,,,,,,,,,,,,,,,,,,,,,,,,,,,,,,,,,,1358282,1370754,1382334,1393337,1403776,1413341,1422318,1430680,1438504,1445950,1452844,1459190,1465175,1470712,1475793,1480545,1484849,1488690,1492046,1494990,1497658,1500070,1502263,1504225,1505915,1507310,1508482
CYP,Cyprus,SP.RUR.TOTL,Rural population,0,,,,,,,,,,,,,,,,,,,,,,,,,,,,,,,,,,,,,,,,,,,,,,,,,,,,,,,,,,,,,,,,,,,,,,,,,,,452547,456529,460152,463515,466618,469355,471817,473990,475897,477587,478998,480129,481036,481689,482081,482251,482156,481789,481140,480231,479101,477755,476202,474435,472438,470202,467747
CYP,Cyprus,SP.URB.TOTL,Urban population,0,,,,,,,,,,,,,,,,,,,,,,,,,,,,,,,,,,,,,,,,,,,,,,,,,,,,,,,,,,,,,,,,,,,,,,,,,,,905735,914225,922182,929822,937158,943986,950501,956690,962607,968363,973846,979061,984139,989023,993712,998294,1002693,1006901,1010906,1014759,1018557,1022315,1026061,1029790,1033477,1037108,1040735
CZE,Czech Republic,SP.POP.TOTL,"Population, total",0,,,,,,,,,,,,,,,,,,,,,,,,,,,,,,,,,,,,,,,,,,,,,,,,,,,,,,,,,,,,,,,,,,,,,,,,,,,10905028,10761091,10737599,10711655,10682153,10650445,10617323,10582952,10547796,10512458,10477374,10442807,10409522,10376633,10345597,10315431,10286990,10259182,10232691,10207063,10182020,10156856,10130986,10104883,10077840,10049917,10019606
CZE,Czech Republic,SP.RUR.TOTL,Rural population,0,,,,,,,,,,,,,,,,,,,,,,,,,,,,,,,,,,,,,,,,,,,,,,,,,,,,,,,,,,,,,,,,,,,,,,,,,,,2966735,2918899,2901621,2881509,2858310,2832437,2804151,2773540,2740775,2706056,2669535,2631318,2591629,2550279,2507653,2463536,2418155,2371273,2323073,2273469,2222424,2169811,2115541,2059754,2002344,1943371,1882592
CZE,Czech Republic,SP.URB.TOTL,Urban population,0,,,,,,,,,,,,,,,,,,,,,,,,,,,,,,,,,,,,,,,,,,,,,,,,,,,,,,,,,,,,,,,,,,,,,,,,,,,7938293,7842192,7835978,7830146,7823843,7818008,7813172,7809412,7807021,7806402,7807839,7811489,7817893,7826354,7837944,7851895,7868835,7887909,7909618,7933594,7959596,7987045,8015445,8045129,8075496,8106546,8137014
DEU,Germany,SP.POP.TOTL,"Population, total",0,,,,,,,,,,,,,,,,,,,,,,,,,,,,,,,,,,,,,,,,,,,,,,,,,,,,,,,,,,,,,,,,,,,,,,,,,,,83516593,82820928,82618680,82416448,82215400,82008888,81813424,81597888,81393568,81174592,80968416,80741752,80492584,80252560,79999424,79747728,79497160,79261688,79022968,78760696,78487440,78214128,77944456,77671152,77384248,77110496,76851128
DEU,Germany,SP.RUR.TOTL,Rural population,0,,,,,,,,,,,,,,,,,,,,,,,,,,,,,,,,,,,,,,,,,,,,,,,,,,,,,,,,,,,,,,,,,,,,,,,,,,,15015329,14793290,14660984,14529728,14399752,14269919,14143128,14014020,13888025,13760743,13636871,13510818,13382340,13256756,13130407,13005727,12882680,12763533,12645323,12524850,12404190,12285108,12168198,12052338,11936017,11823390,11714621
DEU,Germany,SP.URB.TOTL,Urban population,0,,,,,,,,,,,,,,,,,,,,,,,,,,,,,,,,,,,,,,,,,,,,,,,,,,,,,,,,,,,,,,,,,,,,,,,,,,,68501264,68027638,67957696,67886720,67815648,67738969,67670296,67583868,67505543,67413849,67331545,67230934,67110244,66995804,66869017,66742001,66614480,66498155,66377645,66235846,66083250,65929020,65776258,65618814,65448231,65287106,65136507
DJI,Djibouti,SP.POP.TOTL,"Population, total",0,,,,,,,,,,,,,,,,,,,,,,,,,,,,,,,,,,,,,,,,,,,,,,,,,,,,,,,,,,,,,,,,,,,,,,,,,,,1168722,1184076,1199459,1215017,1230585,1246670,1262678,1278332,1293447,1307799,1321611,1335498,1349355,1363479,1377783,1391868,1406635,1421792,1436438,1449563,1461638,1474041,1486460,1498041,1508876,1519725,1530540
DJI,Djibouti,SP.RUR.TOTL,Rural population,0,,,,,,,,,,,,,,,,,,,,,,,,,,,,,,,,,,,,,,,,,,,,,,,,,,,,,,,,,,,,,,,,,,,,,,,,,,,316662,319986,323313,326684,330056,333567,337059,340461,343728,346802,349747,352727,355719,358802,361955,365077,368406,371869,375231,378233,381002,383901,386850,389631,392270,394971,397720
DJI,Djibouti,SP.URB.TOTL,Urban population,0,,,,,,,,,,,,,,,,,,,,,,,,,,,,,,,,,,,,,,,,,,,,,,,,,,,,,,,,,,,,,,,,,,,,,,,,,,,852060,864090,876146,888333,900529,913103,925619,937871,949719,960997,971864,982771,993636,1004677,1015828,1026791,1038229,1049923,1061207,1071330,1080636,1090140,1099610,1108410,1116606,1124754,1132820
DMA,Dominica,SP.POP.TOTL,"Population, total",0,,,,,,,,,,,,,,,,,,,,,,,,,,,,,,,,,,,,,,,,,,,,,,,,,,,,,,,,,,,,,,,,,,,,,,,,,,,66205,65871,65511,65158,64808,64472,64169,63950,63827,63775,63763,63761,63762,63770,63784,63793,63799,63802,63781,63732,63678,63629,63575,63502,63408,63306,63192
DMA,Dominica,SP.RUR.TOTL,Rural population,0,,,,,,,,,,,,,,,,,,,,,,,,,,,,,,,,,,,,,,,,,,,,,,,,,,,,,,,,,,,,,,,,,,,,,,,,,,,17515,17136,16748,16362,15975,15590,15211,14851,14510,14181,13857,13530,13199,12865,12527,12183,11834,11479,11115,10742,10363,9980,9592,9197,8795,8388,7975
DMA,Dominica,SP.URB.TOTL,Urban population,0,,,,,,,,,,,,,,,,,,,,,,,,,,,,,,,,,,,,,,,,,,,,,,,,,,,,,,,,,,,,,,,,,,,,,,,,,,,48690,48735,48763,48796,48833,48882,48958,49099,49317,49594,49906,50231,50563,50905,51257,51610,51965,52323,52666,52990,53315,53649,53983,54305,54613,54918,55217
DNK,Denmark,SP.POP.TOTL,"Population, total",0,,,,,,,,,,,,,,,,,,,,,,,,,,,,,,,,,,,,,,,,,,,,,,,,,,,,,,,,,,,,,,,,,,,,,,,,,,,5976992,5996088,6010438,6022921,6033245,6041982,6049480,6056712,6062535,6068645,6074507,6079542,6084108,6087826,6091894,6094439,6096822,6098080,6098777,6099020,6098373,6097737,6095440,6092688,6089561,6085716,6081255
DNK,Denmark,SP.RUR.TOTL,Rural population,0,,,,,,,,,,,,,,,,,,,,,,,,,,,,,,,,,,,,,,,,,,,,,,,,,,,,,,,,,,,,,,,,,,,,,,,,,,,675636,668813,661390,653671,645630,637332,628820,620193,611335,602418,593384,584176,574827,565302,555711,545881,535935,525789,515491,505052,494434,483710,472748,461644,450404,439003,427448
DNK,Denmark,SP.URB.TOTL,Urban population,0,,,,,,,,,,,,,,,,,,,,,,,,,,,,,,,,,,,,,,,,,,,,,,,,,,,,,,,,,,,,,,,,,,,,,,,,,,,5301356,5327275,5349048,5369250,5387615,5404650,5420660,5436519,5451200,5466227,5481123,5495366,5509281,5522524,5536183,5548558,5560887,5572291,5583286,5593968,5603939,5614027,5622692,5631044,5639157,5646713,5653807
DOM,Dominican Republic,SP.POP.TOTL,"Population, total",0,,,,,,,,,,,,,,,,,,,,,,,,,,,,,,,,,,,,,,,,,,,,,,,,,,,,,,,,,,,,,,,,,,,,,,,,,,,11427557,11520487,11609500,11695940,11779927,11860811,11938852,12014154,12086668,12156529,12224127,12289431,12352223,12412546,12470657,12526161,12579320,12630689,12680021,12727294,12772653,12816005,12856880,12895160,12931166,12964838,12996293
DOM,Dominican Republic,SP.RUR.TOTL,Rural population,0,,,,,,,,,,,,,,,,,,,,,,,,,,,,,,,,,,,,,,,,,,,,,,,,,,,,,,,,,,,,,,,,,,,,,,,,,,,3152613,3166095,3172716,3172776,3166262,3152970,3132948,3106214,3072753,3032606,2985882,2932591,2872706,2806273,2733391,2654020,2568276,2476328,2378184,2273907,2163594,2047305,1925050,1796917,1663059,1523578,1378612
DOM,Dominican Republic,SP.URB.TOTL,Urban population,0,,,,,,,,,,,,,,,,,,,,,,,,,,,,,,,,,,,,,,,,,,,,,,,,,,,,,,,,,,,,,,,,,,,,,,,,,,,8274944,8354392,8436784,8523164,8613665,8707841,8805904,8907940,9013915,9123923,9238245,9356840,9479517,9606273,9737266,9872141,10011044,10154361,10301837,10453387,10609059,10768700,10931830,11098243,11268107,11441260,11617681
DZA,Algeria,SP.POP.TOTL,"Population, total",0,,,,,,,,,,,,,,,,,,,,,,,,,,,,,,,,,,,,,,,,,,,,,,,,,,,,,,,,,,,,,,,,,,,,,,,,,,,46814308,47435312,48028334,48593408,49135522,49655378,50154166,50637359,51113495,51584240,52048003,52516789,52986267,53452776,53921846,54396252,54873476,55351988,55834555,56319592,56806179,57290156,57767666,58234170,58690885,59136158,59565554
DZA,Algeria,SP.RUR.TOTL,Rural population,0,,,,,,,,,,,,,,,,,,,,,,,,,,,,,,,,,,,,,,,,,,,,,,,,,,,,,,,,,,,,,,,,,,,,,,,,,,,11572829,11470458,11358295,11237068,11108621,10973742,10833305,10689058,10543273,10396672,10249304,10103869,9959781,9816665,9675860,9538134,9403314,9271439,9143283,9018889,8898435,8781624,8668263,8558111,8451810,8349588,8251247
DZA,Algeria,SP.URB.TOTL,Urban population,0,,,,,,,,,,,,,,,,,,,,,,,,,,,,,,,,,,,,,,,,,,,,,,,,,,,,,,,,,,,,,,,,,,,,,,,,,,,35241479,35964854,36670039,37356340,38026901,38681636,39320861,39948301,40570222,41187568,41798699,42412920,43026486,43636111,44245986,44858118,45470162,46080549,46691272,47300703,47907744,48508532,49099403,49676059,50239075,50786570,51314307
ECU,Ecuador,SP.POP.TOTL,"Population, total",0,,,,,,,,,,,,,,,,,,,,,,,,,,,,,,,,,,,,,,,,,,,,,,,,,,,,,,,,,,,,,,,,,,,,,,,,,,,18135478,18289896,18444506,18600320,18757226,18914095,19069719,19222811,19372500,19518745,19661352,19800128,19935165,20066378,20193575,20316265,20434220,20547450,20655768,20759130,20857470,20950628,21038531,21121175,21198613,21270656,21337237
ECU,Ecuador,SP.RUR.TOTL,Rural population,0,,,,,,,,,,,,,,,,,,,,,,,,,,,,,,,,,,,,,,,,,,,,,,,,,,,,,,,,,,,,,,,,,,,,,,,,,,,6667020,6695598,6714874,6725203,6726536,6718469,6700592,6672495,6633947,6585027,6525777,6456263,6376659,6287096,6187690,6078485,5959633,5831373,5693904,5547484,5392378,5228846,5057183,4877718,4690804,4496748,4295925
ECU,Ecuador,SP.URB.TOTL,Urban population,0,,,,,,,,,,,,,,,,,,,,,,,,,,,,,,,,,,,,,,,,,,,,,,,,,,,,,,,,,,,,,,,,,,,,,,,,,,,11468458,11594298,11729632,11875117,12030690,12195626,12369127,12550316,12738553,12933718,13135575,13343865,13558506,13779282,14005885,14237780,14474587,14716077,14961864,15211646,15465092,15721782,15981348,16243457,16507809,16773908,17041312
EGY,"Egypt, Arab Rep.",SP.POP.TOTL,"Population, total",0,,,,,,,,,,,,,,,,,,,,,,,,,,,,,,,,,,,,,,,,,,,,,,,,,,,,,,,,,,,,,,,,,,,,,,,,,,,116538258,118365995,120101175,121847617,123608457,125373049,127139322,128912251,130695078,132485605,134287840,136097217,137913263,139738696,141565831,143393264,145213654,147018557,148800781,150547656,152255334,153919189,155535948,157114405,158657389,160161614,161630192
EGY,"Egypt, Arab Rep.",SP.RUR.TOTL,Rural population,0,,,,,,,,,,,,,,,,,,,,,,,,,,,,,,,,,,,,,,,,,,,,,,,,,,,,,,,,,,,,,,,,,,,,,,,,,,,66659375,67581869,68431973,69268426,70092361,70897091,71680829,72445768,73193091,73920923,74630850,75319679,75986510,76632199,77251896,77844244,78404702,78928232,79410580,79844702,80228392,80559127,80835184,81061151,81238466,81365446,81443680
EGY,"Egypt, Arab Rep.",SP.URB.TOTL,Urban population,0,,,,,,,,,,,,,,,,,,,,,,,,,,,,,,,,,,,,,,,,,,,,,,,,,,,,,,,,,,,,,,,,,,,,,,,,,,,49878883,50784126,51669202,52579191,53516096,54475958,55458493,56466483,57501987,58564682,59656990,60777538,61926753,63106497,64313935,65549020,66808952,68090325,69390201,70702954,72026942,73360062,74700764,76053254,77418923,78796168,80186512
ERI,Eritrea,SP.POP.TOTL,"Population, total",0,,,,,,,,,,,,,,,,,,,,,,,,,,,,,,,,,,,,,,,,,,,,,,,,,,,,,,,,,,,,,,,,,,,,,,,,,,,3535603,3607003,3682669,3760374,3840143,3920472,4002672,4085046,4166514,4249506,4334730,4420922,4509757,4601935,4692343,4780475,4868676,4954488,5039301,5124265,5207870,5292768,5375967,5456501,5537542,5617356,5696062
ERI,Eritrea,SP.RUR.TOTL,Rural population,0,,,,,,,,,,,,,,,,,,,,,,,,,,,,,,,,,,,,,,,,,,,,,,,,,,,,,,,,,,,,,,,,,,,,,,,,,,,2314528,2361128,2410197,2460211,2511114,2561845,2613181,2663926,2713290,2762762,2812700,2862176,2912158,2962973,3011199,3056401,3099963,3140196,3177865,3213565,3246213,3277322,3304889,3328196,3349048,3366241,3379705
ERI,Eritrea,SP.URB.TOTL,Urban population,0,,,,,,,,,,,,,,,,,,,,,,,,,,,,,,,,,,,,,,,,,,,,,,,,,,,,,,,,,,,,,,,,,,,,,,,,,,,1221075,1245875,1272472,1300163,1329029,1358627,1389491,1421120,1453224,1486744,1522030,1558746,1597599,1638962,1681144,1724074,1768713,1814292,1861436,1910700,1961657,2015446,2071078,2128305,2188494,2251115,2316357
ESP,Spain,SP.POP.TOTL,"Population, total",0,,,,,,,,,,,,,,,,,,,,,,,,,,,,,,,,,,,,,,,,,,,,,,,,,,,,,,,,,,,,,,,,,,,,,,,,,,,48848840,48811344,48753012,48690724,48618144,48535432,48436656,48329488,48224132,48117168,48006116,47886144,47760296,47631052,47499592,47358580,47209992,47055460,46890504,46725136,46543796,46349008,46147628,45936912,45720820,45484900,45251396
ESP,Spain,SP.RUR.TOTL,Rural population,0,,,,,,,,,,,,,,,,,,,,,,,,,,,,,,,,,,,,,,,,,,,,,,,,,,,,,,,,,,,,,,,,,,,,,,,,,,,9615797,9510927,9395882,9274073,9144396,9007024,8861017,8707961,8549814,8386042,8216315,8039939,7857584,7669794,7476874,7277808,7073087,6863126,6647454,6427672,6201805,5970487,5734852,5494766,5250923,5001920,4750503
ESP,Spain,SP.URB.TOTL,Urban population,0,,,,,,,,,,,,,,,,,,,,,,,,,,,,,,,,,,,,,,,,,,,,,,,,,,,,,,,,,,,,,,,,,,,,,,,,,,,39233043,39300417,39357130,39416651,39473748,39528408,39575639,39621527,39674318,39731126,39789801,39846205,39902712,39961258,40022718,40080772,40136905,40192334,40243050,40297464,40341991,40378521,40412776,40442146,40469897,40482980,40500893
EST,Estonia,SP.POP.TOTL,"Population, total",0,,,,,,,,,,,,,,,,,,,,,,,,,,,,,,,,,,,,,,,,,,,,,,,,,,,,,,,,,,,,,,,,,,,,,,,,,,,1372341,1353044,1346087,1339141,1332200,1325321,1318332,1311297,1304223,1297207,1290147,1283194,1276287,1269514,1262910,1256374,1249939,1243504,1237087,1230729,1224342,1218040,1211758,1205539,1199409,1193043,1186560
EST,Estonia,SP.RUR.TOTL,Rural population,0,,,,,,,,,,,,,,,,,,,,,,,,,,,,,,,,,,,,,,,,,,,,,,,,,,,,,,,,,,,,,,,,,,,,,,,,,,,402122,396160,393838,391542,389269,387036,384790,382551,380317,378118,375922,373772,371650,369580,367572,365595,363658,361731,359819,357931,356043,354186,352341,350519,348728,346872,344985
EST,Estonia,SP.URB.TOTL,Urban population,0,,,,,,,,,,,,,,,,,,,,,,,,,,,,,,,,,,,,,,,,,,,,,,,,,,,,,,,,,,,,,,,,,,,,,,,,,,,970219,956884,952249,947599,942931,938285,933542,928746,923906,919089,914225,909422,904637,899934,895338,890779,886281,881773,877268,872798,868299,863854,859417,855020,850681,846171,841575
ETH,Ethiopia,SP.POP.TOTL,"Population, total",0,,,,,,,,,,,,,,,,,,,,,,,,,,,,,,,,,,,,,,,,,,,,,,,,,,,,,,,,,,,,,,,,,,,,,,,,,,,132059767,135472051,138902185,142364797,145841261,149336062,152855357,156382428,159923899,163453315,166978793,170532954,174097775,177661138,181235897,184835111,188450902,192068630,195695304,199347986,203014371,206673639,210337848,214023508,217710205,221377337,225021875
ETH,Ethiopia,SP.RUR.TOTL,Rural population,0,,,,,,,,,,,,,,,,,,,,,,,,,,,,,,,,,,,,,,,,,,,,,,,,,,,,,,,,,,,,,,,,,,,,,,,,,,,100864234,102810152,104740195,106666188,108575008,110471068,112360013,114230750,116089530,117918706,119725973,121536428,123338819,125126448,126910390,128701744,130497000,132288211,134082567,135894103,137716797,139539141,141372077,143229466,145100470,146974443,148852650
ETH,Ethiopia,SP.URB.TOTL,Urban population,0,,,,,,,,,,,,,,,,,,,,,,,,,,,,,,,,,,,,,,,,,,,,,,,,,,,,,,,,,,,,,,,,,,,,,,,,,,,31195533,32661899,34161990,35698609,37266253,38864994,40495344,42151678,43834369,45534609,47252820,48996526,50758956,52534690,54325507,56133367,57953902,59780419,61612737,63453883,65297574,67134498,68965771,70794042,72609735,74402894,76169225
FIN,Finland,SP.POP.TOTL,"Population, total",0,,,,,,,,,,,,,,,,,,,,,,,,,,,,,,,,,,,,,,,,,,,,,,,,,,,,,,,,,,,,,,,,,,,,,,,,,,,5619911,5619551,5612234,5602295,5591257,5579247,5566745,5553726,5540646,5527398,5514068,5500768,5487682,5474826,5462453,5450334,5438792,5427362,5416192,5404803,5393597,5382124,5370647,5358695,5346416,5333814,5320956
FIN,Finland,SP.RUR.TOTL,Rural population,0,,,,,,,,,,,,,,,,,,,,,,,,,,,,,,,,,,,,,,,,,,,,,,,,,,,,,,,,,,,,,,,,,,,,,,,,,,,1446356,1431593,1415176,1398277,1381326,1364398,1347649,1331111,1314929,1299110,1283709,1268783,1254407,1240614,1227490,1215012,1203282,1192225,1181904,1172242,1163358,1155184,1147806,1141153,1135284,1130228,1126060
FIN,Finland,SP.URB.TOTL,Urban population,0,,,,,,,,,,,,,,,,,,,,,,,,,,,,,,,,,,,,,,,,,,,,,,,,,,,,,,,,,,,,,,,,,,,,,,,,,,,4173555,4187958,4197058,4204018,4209931,4214849,4219096,4222615,4225717,4228288,4230359,4231985,4233275,4234212,4234963,4235322,4235510,4235137,4234288,4232561,4230239,4226940,4222841,4217542,4211132,4203586,4194896
FJI,Fiji,SP.POP.TOTL,"Population, total",0,,,,,,,,,,,,,,,,,,,,,,,,,,,,,,,,,,,,,,,,,,,,,,,,,,,,,,,,,,,,,,,,,,,,,,,,,,,928784,933154,937282,941326,945368,949282,953106,956699,960073,963356,966531,969629,972654,975656,978558,981282,983858,986424,988826,990871,992749,994457,995975,997337,998560,999546,1000261
FJI,Fiji,SP.RUR.TOTL,Rural population,0,,,,,,,,,,,,,,,,,,,,,,,,,,,,,,,,,,,,,,,,,,,,,,,,,,,,,,,,,,,,,,,,,,,,,,,,,,,380089,377513,374817,372070,369305,366476,363599,360623,357557,354452,351304,348128,344925,341717,338477,335181,331843,328512,325138,321661,318149,314603,311020,307413,303792,300128,296416
FJI,Fiji,SP.URB.TOTL,Urban population,0,,,,,,,,,,,,,,,,,,,,,,,,,,,,,,,,,,,,,,,,,,,,,,,,,,,,,,,,,,,,,,,,,,,,,,,,,,,548695,555641,562465,569256,576063,582806,589507,596076,602516,608904,615227,621501,627729,633939,640081,646101,652015,657912,663688,669210,674600,679854,684955,689924,694768,699418,703845
FRA,France,SP.POP.TOTL,"Population, total",0,,,,,,,,,,,,,,,,,,,,,,,,,,,,,,,,,,,,,,,,,,,,,,,,,,,,,,,,,,,,,,,,,,,,,,,,,,,68551653,68644416,68722448,68794848,68856856,68915136,68964576,69008288,69049752,69088872,69131536,69173952,69216176,69262784,69304744,69344048,69385936,69432752,69480464,69518512,69553696,69584368,69605672,69622768,69631488,69630760,69624712
FRA,France,SP.RUR.TOTL,Rural population,0,,,,,,,,,,,,,,,,,,,,,,,,,,,,,,,,,,,,,,,,,,,,,,,,,,,,,,,,,,,,,,,,,,,,,,,,,,,14532968,14521750,14492743,14447999,14386651,14310237,14217842,14110270,13988388,13852324,13703398,13540977,13365209,13177104,12975065,12759639,12531937,12292484,12040666,11774818,11496319,11205082,10900548,10583778,10254366,9912437,9558858
FRA,France,SP.URB.TOTL,Urban population,0,,,,,,,,,,,,,,,,,,,,,,,,,,,,,,,,,,,,,,,,,,,,,,,,,,,,,,,,,,,,,,,,,,,,,,,,,,,54018685,54122666,54229705,54346849,54470205,54604899,54746734,54898018,55061364,55236548,55428138,55632975,55850967,56085680,56329679,56584409,56853999,57140268,57439798,57743694,58057377,58379286,58705124,59038990,59377122,59718323,60065854
FRO,Faeroe Islands,SP.POP.TOTL,"Population, total",0,,,,,,,,,,,,,,,,,,,,,,,,,,,,,,,,,,,,,,,,,,,,,,,,,,,,,,,,,,,,,,,,,,,,,,,,,,,54681,55275,55792,56270,56696,57080,57451,57803,58139,58455,58753,59025,59291,59549,59791,60021,60247,60475,60698,60911,61124,61328,61519,61719,61904,62058,62217
FRO,Faeroe Islands,SP.RUR.TOTL,Rural population,0,,,,,,,,,,,,,,,,,,,,,,,,,,,,,,,,,,,,,,,,,,,,,,,,,,,,,,,,,,,,,,,,,,,,,,,,,,,33129,33362,33538,33679,33778,33842,33886,33908,33909,33887,33843,33772,33685,33581,33456,33312,33153,32982,32794,32588,32369,32131,31872,31603,31313,30992,30660
FRO,Faeroe Islands,SP.URB.TOTL,Urban population,0,,,,,,,,,,,,,,,,,,,,,,,,,,,,,,,,,,,,,,,,,,,,,,,,,,,,,,,,,,,,,,,,,,,,,,,,,,,21552,21913,22254,22591,22918,23238,23565,23895,24230,24568,24910,25253,25606,25968,26335,26709,27094,27493,27904,28323,28755,29197,29647,30116,30591,31066,31557
FSM,"Micronesia, Fed. Sts.",SP.POP.TOTL,"Population, total",0,,,,,,,,,,,,,,,,,,,,,,,,,,,,,,,,,,,,,,,,,,,,,,,,,,,,,,,,,,,,,,,,,,,,,,,,,,,113160,113683,114183,114700,115249,115799,116350,116903,117463,118019,118580,119143,119677,120210,120731,121212,121681,122154,122627,123109,123590,124064,124540,125009,125485,125953,126408
FSM,"Micronesia, Fed. Sts.",SP.RUR.TOTL,Rural population,0,,,,,,,,,,,,,,,,,,,,,,,,,,,,,,,,,,,,,,,,,,,,,,,,,,,,,,,,,,,,,,,,,,,,,,,,,,,87748,88126,88483,88852,89242,89631,90019,90405,90794,91178,91562,91946,92304,92659,93001,93310,93607,93904,94198,94496,94791,95076,95360,95636,95913,96182,96437
FSM,"Micronesia, Fed. Sts.",SP.URB.TOTL,Urban population,0,,,,,,,,,,,,,,,,,,,,,,,,,,,,,,,,,,,,,,,,,,,,,,,,,,,,,,,,,,,,,,,,,,,,,,,,,,,25412,25557,25700,25848,26007,26168,26331,26498,26669,26841,27018,27197,27373,27551,27730,27902,28074,28250,28429,28613,28799,28988,29180,29373,29572,29771,29971
GAB,Gabon,SP.POP.TOTL,"Population, total",0,,,,,,,,,,,,,,,,,,,,,,,,,,,,,,,,,,,,,,,,,,,,,,,,,,,,,,,,,,,,,,,,,,,,,,,,,,,2538952,2593130,2647399,2701851,2756477,2811346,2866667,2922501,2978805,3035704,3093222,3151468,3210584,3270298,3330505,3391378,3452988,3515217,3577741,3640561,3703794,3767429,3831210,3894845,3958287,4021472,4084533
GAB,Gabon,SP.RUR.TOTL,Rural population,0,,,,,,,,,,,,,,,,,,,,,,,,,,,,,,,,,,,,,,,,,,,,,,,,,,,,,,,,,,,,,,,,,,,,,,,,,,,206589,205177,203711,202212,200694,199177,197689,196248,194866,193565,192362,191279,190339,189542,188900,188441,188187,188151,188335,188761,189458,190445,191735,193336,195269,197560,200229
GAB,Gabon,SP.URB.TOTL,Urban population,0,,,,,,,,,,,,,,,,,,,,,,,,,,,,,,,,,,,,,,,,,,,,,,,,,,,,,,,,,,,,,,,,,,,,,,,,,,,2332363,2387953,2443688,2499639,2555783,2612169,2668978,2726253,2783939,2842139,2900860,2960189,3020245,3080756,3141605,3202937,3264801,3327066,3389406,3451800,3514336,3576984,3639475,3701509,3763018,3823912,3884304
GBR,United Kingdom,SP.POP.TOTL,"Population, total",0,,,,,,,,,,,,,,,,,,,,,,,,,,,,,,,,,,,,,,,,,,,,,,,,,,,,,,,,,,,,,,,,,,,,,,,,,,,69226000,69607016,69949520,70283608,70595968,70887440,71176648,71441984,71697928,71954496,72192856,72430680,72653424,72867016,73081160,73285040,73484672,73679672,73869272,74058248,74231848,74396696,74550496,74696904,74829816,74948104,75054400
GBR,United Kingdom,SP.RUR.TOTL,Rural population,0,,,,,,,,,,,,,,,,,,,,,,,,,,,,,,,,,,,,,,,,,,,,,,,,,,,,,,,,,,,,,,,,,,,,,,,,,,,11600232,11607939,11610165,11612048,11611493,11608758,11607000,11602788,11598585,11596097,11592371,11590342,11587764,11585676,11585704,11586211,11588232,11591785,11596829,11604191,11611638,11620290,11629868,11641019,11652869,11665316,11678843
GBR,United Kingdom,SP.URB.TOTL,Urban population,0,,,,,,,,,,,,,,,,,,,,,,,,,,,,,,,,,,,,,,,,,,,,,,,,,,,,,,,,,,,,,,,,,,,,,,,,,,,57625768,57999077,58339355,58671560,58984475,59278682,59569648,59839196,60099343,60358399,60600485,60840338,61065660,61281340,61495456,61698829,61896440,62087887,62272443,62454057,62620210,62776406,62920628,63055885,63176947,63282788,63375557
GEO,Georgia,SP.POP.TOTL,"Population, total",0,,,,,,,,,,,,,,,,,,,,,,,,,,,,,,,,,,,,,,,,,,,,,,,,,,,,,,,,,,,,,,,,,,,,,,,,,,,3699557,3698736,3697351,3695203,3693190,3689667,3685779,3680662,3676054,3670945,3664668,3658255,3650498,3643224,3636050,3629668,3622271,3616245,3610144,3603476,3596764,3589101,3581015,3573315,3565540,3558115,3550051
GEO,Georgia,SP.RUR.TOTL,Rural population,0,,,,,,,,,,,,,,,,,,,,,,,,,,,,,,,,,,,,,,,,,,,,,,,,,,,,,,,,,,,,,,,,,,,,,,,,,,,1439906,1435918,1431616,1427263,1423201,1418789,1414460,1409878,1405701,1401533,1397113,1392827,1388208,1383943,1379878,1376266,1372414,1369217,1366120,1362928,1359831,1356479,1353062,1349880,1346750,1343823,1340723
GEO,Georgia,SP.URB.TOTL,Urban population,0,,,,,,,,,,,,,,,,,,,,,,,,,,,,,,,,,,,,,,,,,,,,,,,,,,,,,,,,,,,,,,,,,,,,,,,,,,,2259651,2262818,2265735,2267940,2269989,2270878,2271319,2270784,2270353,2269412,2267555,2265428,2262290,2259281,2256172,2253402,2249857,2247028,2244024,2240548,2236933,2232622,2227953,2223435,2218790,2214292,2209328
GHA,Ghana,SP.POP.TOTL,"Population, total",0,,,,,,,,,,,,,,,,,,,,,,,,,,,,,,,,,,,,,,,,,,,,,,,,,,,,,,,,,,,,,,,,,,,,,,,,,,,34427414,35064272,35697557,36328263,36959314,37589710,38222089,38856803,39492793,40132725,40774156,41412554,42047456,42682175,43314977,43942859,44568350,45190635,45808599,46421965,47030358,47634274,48231610,48823459,49408510,49984440,50553047
GHA,Ghana,SP.RUR.TOTL,Rural population,0,,,,,,,,,,,,,,,,,,,,,,,,,,,,,,,,,,,,,,,,,,,,,,,,,,,,,,,,,,,,,,,,,,,,,,,,,,,14333686,14402760,14462827,14514311,14558369,14594571,14623898,14646412,14661638,14670490,14671979,14664431,14647694,14622919,14589479,14546369,14494450,14433455,14363044,14283159,14193717,14094905,13986141,13867802,13739570,13600882,13452330
GHA,Ghana,SP.URB.TOTL,Urban population,0,,,,,,,,,,,,,,,,,,,,,,,,,,,,,,,,,,,,,,,,,,,,,,,,,,,,,,,,,,,,,,,,,,,,,,,,,,,20093728,20661512,21234730,21813952,22400945,22995139,23598191,24210391,24831155,25462235,26102177,26748123,27399762,28059256,28725498,29396490,30073900,30757180,31445555,32138806,32836641,33539369,34245469,34955657,35668940,36383558,37100717
GIB,Gibraltar,SP.POP.TOTL,"Population, total",0,,,,,,,,,,,,,,,,,,,,,,,,,,,,,,,,,,,,,,,,,,,,,,,,,,,,,,,,,,,,,,,,,,,,,,,,,,,39329,40126,40867,41561,42226,42860,43459,44033,44581,45093,45571,46017,46429,46809,47179,47522,47822,48089,48334,48559,48772,48974,49154,49335,49504,49657,49798
GIB,Gibraltar,SP.RUR.TOTL,Rural population,0,,,,,,,,,,,,,,,,,,,,,,,,,,,,,,,,,,,,,,,,,,,,,,,,,,,,,,,,,,,,,,,,,,,,,,,,,,,0,0,0,0,0,0,0,0,0,0,0,0,0,0,0,0,0,0,0,0,0,0,0,0,0,0,0
GIB,Gibraltar,SP.URB.TOTL,Urban population,0,,,,,,,,,,,,,,,,,,,,,,,,,,,,,,,,,,,,,,,,,,,,,,,,,,,,,,,,,,,,,,,,,,,,,,,,,,,39329,40126,40867,41561,42226,42860,43459,44033,44581,45093,45571,46017,46429,46809,47179,47522,47822,48089,48334,48559,48772,48974,49154,49335,49504,49657,49798
GIN,Guinea,SP.POP.TOTL,"Population, total",0,,,,,,,,,,,,,,,,,,,,,,,,,,,,,,,,,,,,,,,,,,,,,,,,,,,,,,,,,,,,,,,,,,,,,,,,,,,14754785,15099727,15441993,15784089,16126575,16466756,16807147,17147633,17485892,17822202,18154407,18486013,18820865,19155753,19489369,19823858,20160750,20497029,20830651,21163499,21492051,21817245,22141685,22463112,22780054,23092613,23404584
GIN,Guinea,SP.RUR.TOTL,Rural population,0,,,,,,,,,,,,,,,,,,,,,,,,,,,,,,,,,,,,,,,,,,,,,,,,,,,,,,,,,,,,,,,,,,,,,,,,,,,9137446,9283836,9422480,9554677,9680503,9798080,9908657,10011888,10106149,10191355,10266036,10331939,10390907,10440824,10480679,10511330,10533242,10544487,10543721,10531619,10506147,10467537,10416769,10352485,10273767,10180451,10073961
GIN,Guinea,SP.URB.TOTL,Urban population,0,,,,,,,,,,,,,,,,,,,,,,,,,,,,,,,,,,,,,,,,,,,,,,,,,,,,,,,,,,,,,,,,,,,,,,,,,,,5617339,5815891,6019513,6229412,6446072,6668676,6898490,7135745,7379743,7630847,7888371,8154074,8429958,8714929,9008690,9312528,9627508,9952542,10286930,10631880,10985904,11349708,11724916,12110627,12506287,12912162,13330623
GMB,"Gambia, The",SP.POP.TOTL,"Population, total",0,,,,,,,,,,,,,,,,,,,,,,,,,,,,,,,,,,,,,,,,,,,,,,,,,,,,,,,,,,,,,,,,,,,,,,,,,,,2759988,2822093,2884079,2945881,3007546,3069018,3130133,3190997,3251825,3312597,3373121,3433425,3493576,3553533,3613501,3673340,3732798,3791800,3850536,3909026,3966913,4024237,4080970,4137203,4192849,4247714,4301895
GMB,"Gambia, The",SP.RUR.TOTL,Rural population,0,,,,,,,,,,,,,,,,,,,,,,,,,,,,,,,,,,,,,,,,,,,,,,,,,,,,,,,,,,,,,,,,,,,,,,,,,,,985332,988057,989439,989430,988017,985156,980766,974856,967466,958558,948048,935917,922156,906726,889651,870847,873231,876401,880422,885321,891036,897595,905007,913303,922473,932480,943349
GMB,"Gambia, The",SP.URB.TOTL,Urban population,0,,,,,,,,,,,,,,,,,,,,,,,,,,,,,,,,,,,,,,,,,,,,,,,,,,,,,,,,,,,,,,,,,,,,,,,,,,,1774656,1834036,1894640,1956451,2019529,2083862,2149367,2216141,2284359,2354039,2425073,2497508,2571420,2646807,2723850,2802493,2859567,2915399,2970114,3023705,3075877,3126642,3175963,3223900,3270376,3315234,3358546
GNB,Guinea-Bissau,SP.POP.TOTL,"Population, total",0,,,,,,,,,,,,,,,,,,,,,,,,,,,,,,,,,,,,,,,,,,,,,,,,,,,,,,,,,,,,,,,,,,,,,,,,,,,2201352,2249515,2297808,2346189,2394230,2441582,2488934,2536900,2585578,2634708,2683088,2730133,2777890,2826168,2873934,2921987,2969702,3016544,3063169,3109930,3156711,3204249,3251468,3298567,3345863,3392568,3438608
GNB,Guinea-Bissau,SP.RUR.TOTL,Rural population,0,,,,,,,,,,,,,,,,,,,,,,,,,,,,,,,,,,,,,,,,,,,,,,,,,,,,,,,,,,,,,,,,,,,,,,,,,,,1186238,1200093,1213095,1234212,1255211,1275921,1296715,1317919,1339590,1361600,1383335,1404504,1426170,1448240,1470189,1492433,1514658,1536598,1558592,1580825,1603241,1626217,1649211,1672325,1695724,1719009,1742146
GNB,Guinea-Bissau,SP.URB.TOTL,Urban population,0,,,,,,,,,,,,,,,,,,,,,,,,,,,,,,,,,,,,,,,,,,,,,,,,,,,,,,,,,,,,,,,,,,,,,,,,,,,1015114,1049422,1084713,1111977,1139019,1165661,1192219,1218981,1245988,1273108,1299753,1325629,1351720,1377928,1403745,1429554,1455044,1479946,1504577,1529105,1553470,1578032,1602257,1626242,1650139,1673559,1696462
GNQ,Equatorial Guinea,SP.POP.TOTL,"Population, total",0,,,,,,,,,,,,,,,,,,,,,,,,,,,,,,,,,,,,,,,,,,,,,,,,,,,,,,,,,,,,,,,,,,,,,,,,,,,1892516,1938431,1984468,2030755,2077262,2123702,2170445,2218084,2267030,2315999,2364852,2414269,2463889,2513958,2564853,2615425,2665586,2715482,2764776,2813773,2862519,2911235,2959097,3005559,3051491,3097638,3143728
GNQ,Equatorial Guinea,SP.RUR.TOTL,Rural population,0,,,,,,,,,,,,,,,,,,,,,,,,,,,,,,,,,,,,,,,,,,,,,,,,,,,,,,,,,,,,,,,,,,,,,,,,,,,542066,550978,559913,568917,577992,587069,596260,605736,615616,625559,635537,645743,656090,666654,677542,688461,699398,710403,721398,732472,743649,754994,766303,777444,788650,800124,811799
GNQ,Equatorial Guinea,SP.URB.TOTL,Urban population,0,,,,,,,,,,,,,,,,,,,,,,,,,,,,,,,,,,,,,,,,,,,,,,,,,,,,,,,,,,,,,,,,,,,,,,,,,,,1350450,1387453,1424555,1461838,1499270,1536633,1574185,1612348,1651414,1690440,1729315,1768526,1807799,1847304,1887311,1926964,1966188,2005079,2043378,2081301,2118870,2156241,2192794,2228115,2262841,2297514,2331929
GRC,Greece,SP.POP.TOTL,"Population, total",0,,,,,,,,,,,,,,,,,,,,,,,,,,,,,,,,,,,,,,,,,,,,,,,,,,,,,,,,,,,,,,,,,,,,,,,,,,,10405134,10363537,10319461,10274825,10229374,10183627,10137718,10091357,10042956,9995699,9948433,9900251,9852628,9804477,9756191,9708483,9660546,9613000,9566489,9518894,9470033,9420976,9371026,9317221,9262867,9205666,9148509
GRC,Greece,SP.RUR.TOTL,Rural population,0,,,,,,,,,,,,,,,,,,,,,,,,,,,,,,,,,,,,,,,,,,,,,,,,,,,,,,,,,,,,,,,,,,,,,,,,,,,2185413,2153065,2119810,2086059,2051769,2017054,1981948,1946400,1910117,1873718,1836987,1799764,1762326,1724483,1686313,1647945,1609245,1570321,1531280,1491785,1451824,1411578,1370953,1329543,1287855,1245594,1203178
GRC,Greece,SP.URB.TOTL,Urban population,0,,,,,,,,,,,,,,,,,,,,,,,,,,,,,,,,,,,,,,,,,,,,,,,,,,,,,,,,,,,,,,,,,,,,,,,,,,,8219721,8210472,8199651,8188766,8177605,8166573,8155770,8144957,8132839,8121981,8111446,8100487,8090302,8079994,8069878,8060538,8051301,8042679,8035209,8027109,8018209,8009398,8000073,7987678,7975012,7960072,7945331
GRD,Grenada,SP.POP.TOTL,"Population, total",0,,,,,,,,,,,,,,,,,,,,,,,,,,,,,,,,,,,,,,,,,,,,,,,,,,,,,,,,,,,,,,,,,,,,,,,,,,,117207,117303,117362,117397,117424,117445,117466,117472,117452,117406,117335,117244,117135,117001,116867,116702,116493,116264,116013,115732,115439,115123,114772,114404,114031,113647,113243
GRD,Grenada,SP.RUR.TOTL,Rural population,0,,,,,,,,,,,,,,,,,,,,,,,,,,,,,,,,,,,,,,,,,,,,,,,,,,,,,,,,,,,,,,,,,,,,,,,,,,,74353,74287,74189,74068,73933,73786,73631,73458,73261,73041,72797,72534,72253,71950,71639,71304,70935,70548,70143,69713,69272,68811,68326,67825,67318,66800,66267
GRD,Grenada,SP.URB.TOTL,Urban population,0,,,,,,,,,,,,,,,,,,,,,,,,,,,,,,,,,,,,,,,,,,,,,,,,,,,,,,,,,,,,,,,,,,,,,,,,,,,42854,43016,43173,43329,43491,43659,43835,44014,44191,44365,44538,44710,44882,45051,45228,45398,45558,45716,45870,46019,46167,46312,46446,46579,46713,46847,46976
GRL,Greenland,SP.POP.TOTL,"Population, total",0,,,,,,,,,,,,,,,,,,,,,,,,,,,,,,,,,,,,,,,,,,,,,,,,,,,,,,,,,,,,,,,,,,,,,,,,,,,56836,56739,56621,56488,56354,56202,56032,55857,55656,55435,55207,54963,54707,54440,54168,53896,53611,53326,53047,52762,52470,52180,51895,51608,51321,51049,50788
GRL,Greenland,SP.RUR.TOTL,Rural population,0,,,,,,,,,,,,,,,,,,,,,,,,,,,,,,,,,,,,,,,,,,,,,,,,,,,,,,,,,,,,,,,,,,,,,,,,,,,6639,6483,6327,6171,6016,5863,5709,5558,5407,5257,5109,4963,4819,4678,4540,4405,4273,4145,4022,3901,3784,3672,3564,3459,3359,3265,3175
GRL,Greenland,SP.URB.TOTL,Urban population,0,,,,,,,,,,,,,,,,,,,,,,,,,,,,,,,,,,,,,,,,,,,,,,,,,,,,,,,,,,,,,,,,,,,,,,,,,,,50197,50256,50294,50317,50338,50339,50323,50299,50249,50178,50098,50000,49888,49762,49628,49491,49338,49181,49025,48861,48686,48508,48331,48149,47962,47784,47613
GTM,Guatemala,SP.POP.TOTL,"Population, total",0,,,,,,,,,,,,,,,,,,,,,,,,,,,,,,,,,,,,,,,,,,,,,,,,,,,,,,,,,,,,,,,,,,,,,,,,,,,18406359,18687881,18967978,19246007,19521505,19795179,20067253,20337379,20605384,20871089,21134173,21394237,21650343,21901961,22149207,22391085,22626870,22856764,23080844,23299240,23512018,23719089,23920455,24115740,24305650,24491014,24670857
GTM,Guatemala,SP.RUR.TOTL,Rural population,0,,,,,,,,,,,,,,,,,,,,,,,,,,,,,,,,,,,,,,,,,,,,,,,,,,,,,,,,,,,,,,,,,,,,,,,,,,,8107136,8167127,8225387,8281756,8336158,8389025,8440580,8490805,8539764,8587522,8634092,8679461,8723405,8765877,8807092,8846826,8884974,8921797,8957508,8992337,9026489,9060110,9093379,9126329,9159407,9193094,9227203
GTM,Guatemala,SP.URB.TOTL,Urban population,0,,,,,,,,,,,,,,,,,,,,,,,,,,,,,,,,,,,,,,,,,,,,,,,,,,,,,,,,,,,,,,,,,,,,,,,,,,,10299223,10520754,10742591,10964251,11185347,11406154,11626673,11846574,12065620,12283567,12500081,12714776,12926938,13136084,13342115,13544259,13741896,13934967,14123336,14306903,14485529,14658979,14827076,14989411,15146243,15297920,15443654
GUM,Guam,SP.POP.TOTL,"Population, total",0,,,,,,,,,,,,,,,,,,,,,,,,,,,,,,,,,,,,,,,,,,,,,,,,,,,,,,,,,,,,,,,,,,,,,,,,,,,167777,168999,170185,171339,172462,173563,174635,175677,176683,177636,178553,179440,180303,181142,181964,182791,183620,184432,185237,186041,186851,187681,188478,189239,189987,190727,191458
GUM,Guam,SP.RUR.TOTL,Rural population,0,,,,,,,,,,,,,,,,,,,,,,,,,,,,,,,,,,,,,,,,,,,,,,,,,,,,,,,,,,,,,,,,,,,,,,,,,,,9777,9769,9741,9695,9631,9549,9448,9330,9193,9038,8865,8675,8468,8245,8006,7753,7485,7203,6906,6595,6271,5934,5583,5218,4841,4451,4049
GUM,Guam,SP.URB.TOTL,Urban population,0,,,,,,,,,,,,,,,,,,,,,,,,,,,,,,,,,,,,,,,,,,,,,,,,,,,,,,,,,,,,,,,,,,,,,,,,,,,158000,159230,160444,161644,162831,164014,165187,166347,167490,168598,169688,170765,171835,172897,173958,175038,176135,177229,178331,179446,180580,181747,182895,184021,185146,186276,187409
GUY,Guyana,SP.POP.TOTL,"Population, total",0,,,,,,,,,,,,,,,,,,,,,,,,,,,,,,,,,,,,,,,,,,,,,,,,,,,,,,,,,,,,,,,,,,,,,,,,,,,831087,835986,840890,846019,851158,856044,861038,866081,871235,876346,881224,885936,890330,894655,899019,903321,907506,911727,915813,919585,923121,926353,929480,932486,935333,938066,940607
GUY,Guyana,SP.RUR.TOTL,Rural population,0,,,,,,,,,,,,,,,,,,,,,,,,,,,,,,,,,,,,,,,,,,,,,,,,,,,,,,,,,,,,,,,,,,,,,,,,,,,611034,614522,618002,621638,625270,628704,632208,635735,639333,642888,646260,649499,652492,655424,658372,661262,664055,666863,669559,672013,674283,676319,678267,680114,681833,683458,684930
GUY,Guyana,SP.URB.TOTL,Urban population,0,,,,,,,,,,,,,,,,,,,,,,,,,,,,,,,,,,,,,,,,,,,,,,,,,,,,,,,,,,,,,,,,,,,,,,,,,,,220053,221464,222888,224381,225888,227340,228830,230346,231902,233458,234964,236437,237838,239231,240647,242059,243451,244864,246254,247572,248838,250034,251213,252372,253500,254608,255677
HKG,"Hong Kong SAR, China",SP.POP.TOTL,"Population, total",0,,,,,,,,,,,,,,,,,,,,,,,,,,,,,,,,,,,,,,,,,,,,,,,,,,,,,,,,,,,,,,,,,,,,,,,,,,,7524100,7522034,7487520,7472850,7424534,7392736,7352067,7305186,7265807,7222222,7185337,7113596,7054856,7019227,6947648,6910770,6841257,6770193,6688811,6625208,6556007,6480659,6402965,6301308,6223085,6134954,6054473
HKG,"Hong Kong SAR, China",SP.RUR.TOTL,Rural population,0,,,,,,,,,,,,,,,,,,,,,,,,,,,,,,,,,,,,,,,,,,,,,,,,,,,,,,,,,,,,,,,,,,,,,,,,,,,0,0,0,0,0,0,0,0,0,0,0,0,0,0,0,0,0,0,0,0,0,0,0,0,0,0,0
HKG,"Hong Kong SAR, China",SP.URB.TOTL,Urban population,0,,,,,,,,,,,,,,,,,,,,,,,,,,,,,,,,,,,,,,,,,,,,,,,,,,,,,,,,,,,,,,,,,,,,,,,,,,,7524100,7522034,7487520,7472850,7424534,7392736,7352067,7305186,7265807,7222222,7185337,7113596,7054856,7019227,6947648,6910770,6841257,6770193,6688811,6625208,6556007,6480659,6402965,6301308,6223085,6134954,6054473
HND,Honduras,SP.POP.TOTL,"Population, total",0,,,,,,,,,,,,,,,,,,,,,,,,,,,,,,,,,,,,,,,,,,,,,,,,,,,,,,,,,,,,,,,,,,,,,,,,,,,10825703,11005850,11184760,11362234,11538362,11712877,11885319,12055531,12223561,12389378,12552864,12714114,12873077,13029493,13183530,13335257,13484653,13631912,13776958,13919667,14060021,14197946,14333282,14465845,14595537,14722480,14846779
HND,Honduras,SP.RUR.TOTL,Rural population,0,,,,,,,,,,,,,,,,,,,,,,,,,,,,,,,,,,,,,,,,,,,,,,,,,,,,,,,,,,,,,,,,,,,,,,,,,,,4461806,4484696,4506017,4525767,4544061,4560875,4576117,4589821,4602099,4613036,4622685,4631180,4638600,4644952,4650399,4655066,4659047,4662510,4665529,4668163,4670509,4672645,4674622,4676484,4678306,4680233,4682406
HND,Honduras,SP.URB.TOTL,Urban population,0,,,,,,,,,,,,,,,,,,,,,,,,,,,,,,,,,,,,,,,,,,,,,,,,,,,,,,,,,,,,,,,,,,,,,,,,,,,6363897,6521154,6678743,6836467,6994301,7152002,7309202,7465710,7621462,7776342,7930179,8082934,8234477,8384541,8533131,8680191,8825606,8969402,9111429,9251504,9389512,9525301,9658660,9789361,9917231,10042247,10164373
HRV,Croatia,SP.POP.TOTL,"Population, total",0,,,,,,,,,,,,,,,,,,,,,,,,,,,,,,,,,,,,,,,,,,,,,,,,,,,,,,,,,,,,,,,,,,,,,,,,,,,3866200,3840326,3815679,3791647,3768660,3744889,3721149,3696308,3671808,3647570,3623130,3599466,3575270,3550009,3524774,3499655,3474467,3448954,3423527,3398156,3372362,3346947,3321846,3296318,3270901,3245563,3220129
HRV,Croatia,SP.RUR.TOTL,Rural population,0,,,,,,,,,,,,,,,,,,,,,,,,,,,,,,,,,,,,,,,,,,,,,,,,,,,,,,,,,,,,,,,,,,,,,,,,,,,1642520,1620062,1597300,1573996,1550352,1525638,1500222,1473681,1446625,1419049,1390798,1362273,1333000,1302821,1272174,1241120,1209617,1177606,1145258,1112587,1079464,1046175,1012716,978886,944873,910690,876313
HRV,Croatia,SP.URB.TOTL,Urban population,0,,,,,,,,,,,,,,,,,,,,,,,,,,,,,,,,,,,,,,,,,,,,,,,,,,,,,,,,,,,,,,,,,,,,,,,,,,,2223680,2220264,2218379,2217651,2218308,2219251,2220927,2222627,2225183,2228521,2232332,2237193,2242270,2247188,2252600,2258535,2264850,2271348,2278269,2285569,2292898,2300772,2309130,2317432,2326028,2334873,2343816
HTI,Haiti,SP.POP.TOTL,"Population, total",0,,,,,,,,,,,,,,,,,,,,,,,,,,,,,,,,,,,,,,,,,,,,,,,,,,,,,,,,,,,,,,,,,,,,,,,,,,,11772557,11906095,12037506,12167807,12297294,12425439,12552359,12677984,12802210,12924879,13045808,13165000,13282409,13398066,13512128,13624115,13733853,13841978,13948324,14052355,14153899,14252967,14349606,14443735,14535454,14624498,14710862
HTI,Haiti,SP.RUR.TOTL,Rural population,0,,,,,,,,,,,,,,,,,,,,,,,,,,,,,,,,,,,,,,,,,,,,,,,,,,,,,,,,,,,,,,,,,,,,,,,,,,,5293264,5284534,5274572,5263939,5252866,5241230,5229192,5216831,5204216,5191399,5178424,5165411,5152462,5139711,5127337,5115280,5103600,5092656,5082507,5073080,5064440,5056716,5050050,5044537,5040335,5037483,5036073
HTI,Haiti,SP.URB.TOTL,Urban population,0,,,,,,,,,,,,,,,,,,,,,,,,,,,,,,,,,,,,,,,,,,,,,,,,,,,,,,,,,,,,,,,,,,,,,,,,,,,6479293,6621561,6762934,6903868,7044428,7184209,7323167,7461153,7597994,7733480,7867384,7999589,8129947,8258355,8384791,8508835,8630253,8749322,8865817,8979275,9089459,9196251,9299556,9399198,9495119,9587015,9674789
HUN,Hungary,SP.POP.TOTL,"Population, total",0,,,,,,,,,,,,,,,,,,,,,,,,,,,,,,,,,,,,,,,,,,,,,,,,,,,,,,,,,,,,,,,,,,,,,,,,,,,9562065,9501052,9468968,9436617,9402745,9366862,9329848,9291971,9253229,9214048,9174276,9134140,9094435,9054263,9015336,8976666,8939447,8903746,8869401,8836912,8805309,8774011,8743265,8712724,8682529,8651882,8621298
HUN,Hungary,SP.RUR.TOTL,Rural population,0,,,,,,,,,,,,,,,,,,,,,,,,,,,,,,,,,,,,,,,,,,,,,,,,,,,,,,,,,,,,,,,,,,,,,,,,,,,2821591,2784408,2755476,2726166,2696109,2665162,2633575,2601421,2568693,2535505,2501807,2467656,2433259,2398364,2363416,2328140,2292830,2257483,2222037,2186594,2150891,2114772,2078282,2041328,2003931,1965898,1927340
HUN,Hungary,SP.URB.TOTL,Urban population,0,,,,,,,,,,,,,,,,,,,,,,,,,,,,,,,,,,,,,,,,,,,,,,,,,,,,,,,,,,,,,,,,,,,,,,,,,,,6740474,6716644,6713492,6710451,6706636,6701700,6696273,6690550,6684536,6678543,6672469,6666484,6661176,6655899,6651920,6648526,6646617,6646263,6647364,6650318,6654418,6659239,6664983,6671396,6678598,6685984,6693958
IDN,Indonesia,SP.POP.TOTL,"Population, total",0,,,,,,,,,,,,,,,,,,,,,,,,,,,,,,,,,,,,,,,,,,,,,,,,,,,,,,,,,,,,,,,,,,,,,,,,,,,283487931,285721236,287886782,289986522,292016779,293978109,295876648,297719748,299510661,301250985,302938573,304566622,306135098,307646417,309096448,310481120,311797395,313041661,314211282,315304312,316318416,317249613,318096573,318862019,319554653,320173250,320712949
IDN,Indonesia,SP.RUR.TOTL,Rural population,0,,,,,,,,,,,,,,,,,,,,,,,,,,,,,,,,,,,,,,,,,,,,,,,,,,,,,,,,,,,,,,,,,,,,,,,,,,,116936040,116023090,115027711,113950373,112789330,111544549,110218079,108812255,107327751,105764575,104121414,102395468,100586383,98694615,96718522,94656637,92507964,90271480,87946599,85533059,83030617,80438756,77757810,74989185,72135609,69197399,66174200
IDN,Indonesia,SP.URB.TOTL,Urban population,0,,,,,,,,,,,,,,,,,,,,,,,,,,,,,,,,,,,,,,,,,,,,,,,,,,,,,,,,,,,,,,,,,,,,,,,,,,,166551891,169698146,172859071,176036149,179227449,182433560,185658569,188907493,192182910,195486410,198817159,202171154,205548715,208951802,212377926,215824483,219289431,222770181,226264683,229771253,233287799,236810857,240338763,243872834,247419044,250975851,254538749
IMN,Isle of Man,SP.POP.TOTL,"Population, total",0,,,,,,,,,,,,,,,,,,,,,,,,,,,,,,,,,,,,,,,,,,,,,,,,,,,,,,,,,,,,,,,,,,,,,,,,,,,84160,84118,84055,83963,83852,83727,83590,83439,83273,83104,82916,82707,82478,82241,82001,81750,81498,81225,80909,80578,80230,79875,79531,79174,78799,78401,77971
IMN,Isle of Man,SP.RUR.TOTL,Rural population,0,,,,,,,,,,,,,,,,,,,,,,,,,,,,,,,,,,,,,,,,,,,,,,,,,,,,,,,,,,,,,,,,,,,,,,,,,,,40259,40262,40262,40254,40242,40231,40219,40207,40194,40185,40173,40156,40135,40116,40100,40085,40074,40058,40026,39991,39952,39914,39885,39855,39820,39776,39721
IMN,Isle of Man,SP.URB.TOTL,Urban population,0,,,,,,,,,,,,,,,,,,,,,,,,,,,,,,,,,,,,,,,,,,,,,,,,,,,,,,,,,,,,,,,,,,,,,,,,,,,43901,43856,43793,43709,43610,43496,43371,43232,43079,42919,42743,42551,42343,42125,41901,41665,41424,41167,40883,40587,40278,39961,39646,39319,38979,38625,38250
IND,India,SP.POP.TOTL,"Population, total",0,,,,,,,,,,,,,,,,,,,,,,,,,,,,,,,,,,,,,,,,,,,,,,,,,,,,,,,,,,,,,,,,,,,,,,,,,,,1450935791,1463865525,1476625576,1489164674,1501432739,1513423731,1525138844,1536540602,1547607124,1558324080,1568688353,1578694796,1588325359,1597537007,1606300648,1614639241,1622580039,1630119369,1637235357,1643915269,1650186612,1656067583,1661548391,1666628147,1671309726,1675619894,1679589259
IND,India,SP.RUR.TOTL,Rural population,0,,,,,,,,,,,,,,,,,,,,,,,,,,,,,,,,,,,,,,,,,,,,,,,,,,,,,,,,,,,,,,,,,,,,,,,,,,,937610709,941424277,945063409,948497810,951698574,954665191,957401758,959888199,962114580,964075893,965774197,967210327,968377301,969253176,969824916,970111080,970132497,969891253,969378677,968591707,967550994,966271412,964751345,962994406,961006345,958806548,956416056
IND,India,SP.URB.TOTL,Urban population,0,,,,,,,,,,,,,,,,,,,,,,,,,,,,,,,,,,,,,,,,,,,,,,,,,,,,,,,,,,,,,,,,,,,,,,,,,,,513325082,522441248,531562167,540666864,549734165,558758540,567737086,576652403,585492544,594248187,602914156,611484469,619948058,628283831,636475732,644528161,652447542,660228116,667856680,675323562,682635618,689796171,696797046,703633741,710303381,716813346,723173203
IRL,Ireland,SP.POP.TOTL,"Population, total",0,,,,,,,,,,,,,,,,,,,,,,,,,,,,,,,,,,,,,,,,,,,,,,,,,,,,,,,,,,,,,,,,,,,,,,,,,,,5395790,5446237,5492480,5536426,5577772,5615496,5649987,5683328,5715384,5745047,5773094,5798773,5824394,5850025,5874710,5897073,5920035,5941947,5960741,5977847,5994363,6008791,6020372,6031377,6041902,6049389,6054025
IRL,Ireland,SP.RUR.TOTL,Rural population,0,,,,,,,,,,,,,,,,,,,,,,,,,,,,,,,,,,,,,,,,,,,,,,,,,,,,,,,,,,,,,,,,,,,,,,,,,,,1923759,1928644,1931326,1932486,1932022,1929587,1925332,1919974,1913466,1905438,1896158,1885383,1873871,1861632,1848354,1833608,1818307,1801935,1783872,1764571,1744361,1722813,1699729,1675772,1650967,1624628,1596841
IRL,Ireland,SP.URB.TOTL,Urban population,0,,,,,,,,,,,,,,,,,,,,,,,,,,,,,,,,,,,,,,,,,,,,,,,,,,,,,,,,,,,,,,,,,,,,,,,,,,,3472031,3517593,3561154,3603940,3645750,3685909,3724655,3763354,3801918,3839609,3876936,3913390,3950523,3988393,4026356,4063465,4101728,4140012,4176869,4213276,4250002,4285978,4320643,4355605,4390935,4424761,4457184
IRN,"Iran, Islamic Rep.",SP.POP.TOTL,"Population, total",0,,,,,,,,,,,,,,,,,,,,,,,,,,,,,,,,,,,,,,,,,,,,,,,,,,,,,,,,,,,,,,,,,,,,,,,,,,,91567738,92417681,93168497,93838645,94440023,94985098,95486667,95960728,96415461,96850652,97271049,97679252,98075326,98458806,98828319,99182803,99524277,99853718,100167076,100462092,100737592,100990613,101219689,101424012,101601929,101748542,101861993
IRN,"Iran, Islamic Rep.",SP.RUR.TOTL,Rural population,0,,,,,,,,,,,,,,,,,,,,,,,,,,,,,,,,,,,,,,,,,,,,,,,,,,,,,,,,,,,,,,,,,,,,,,,,,,,21042151,20908435,20745558,20558520,20350647,20125218,19885403,19634845,19375381,19107078,18830964,18547588,18256993,17959120,17653758,17340770,17020563,16693340,16358468,16015665,15664851,15305699,14938152,14562271,14178018,13784945,13383090
IRN,"Iran, Islamic Rep.",SP.URB.TOTL,Urban population,0,,,,,,,,,,,,,,,,,,,,,,,,,,,,,,,,,,,,,,,,,,,,,,,,,,,,,,,,,,,,,,,,,,,,,,,,,,,70525587,71509246,72422939,73280125,74089376,74859880,75601264,76325883,77040080,77743574,78440085,79131664,79818333,80499686,81174561,81842033,82503714,83160378,83808608,84446427,85072741,85684914,86281537,86861741,87423911,87963597,88478903
IRQ,Iraq,SP.POP.TOTL,"Population, total",0,,,,,,,,,,,,,,,,,,,,,,,,,,,,,,,,,,,,,,,,,,,,,,,,,,,,,,,,,,,,,,,,,,,,,,,,,,,46042015,47020774,48007437,48987423,49960948,50943329,51937208,52934370,53953390,54985129,56012640,57035914,58071736,59109253,60132231,61174676,62223211,63249166,64260843,65256997,66237769,67204177,68150061,69098085,70050118,70999568,71928750
IRQ,Iraq,SP.RUR.TOTL,Rural population,0,,,,,,,,,,,,,,,,,,,,,,,,,,,,,,,,,,,,,,,,,,,,,,,,,,,,,,,,,,,,,,,,,,,,,,,,,,,13865024,14134598,14388443,14621200,14831983,15024378,15198140,15349835,15483794,15596242,15681309,15738052,15770105,15773421,15742747,15686061,15598720,15472631,15309235,15107591,14867135,14587530,14266936,13909550,13514842,13080659,12603141
IRQ,Iraq,SP.URB.TOTL,Urban population,0,,,,,,,,,,,,,,,,,,,,,,,,,,,,,,,,,,,,,,,,,,,,,,,,,,,,,,,,,,,,,,,,,,,,,,,,,,,32176991,32886176,33618994,34366223,35128965,35918951,36739068,37584535,38469596,39388887,40331331,41297862,42301631,43335832,44389484,45488615,46624491,47776535,48951608,50149406,51370634,52616647,53883125,55188535,56535276,57918909,59325609
ISL,Iceland,SP.POP.TOTL,"Population, total",0,,,,,,,,,,,,,,,,,,,,,,,,,,,,,,,,,,,,,,,,,,,,,,,,,,,,,,,,,,,,,,,,,,,,,,,,,,,386506,390810,394370,397573,400480,402938,405199,407192,408928,410517,411916,413297,414545,415642,416645,417544,418311,418942,419554,420168,420582,420789,420989,421099,421198,421281,421294
ISL,Iceland,SP.RUR.TOTL,Rural population,0,,,,,,,,,,,,,,,,,,,,,,,,,,,,,,,,,,,,,,,,,,,,,,,,,,,,,,,,,,,,,,,,,,,,,,,,,,,22487,22597,22643,22647,22611,22527,22409,22252,22058,21833,21573,21289,20973,20625,20248,19842,19404,18935,18440,17920,17366,16779,16167,15526,14860,14168,13448
ISL,Iceland,SP.URB.TOTL,Urban population,0,,,,,,,,,,,,,,,,,,,,,,,,,,,,,,,,,,,,,,,,,,,,,,,,,,,,,,,,,,,,,,,,,,,,,,,,,,,364019,368213,371727,374926,377869,380411,382790,384940,386870,388684,390343,392008,393572,395017,396397,397702,398907,400007,401114,402248,403216,404010,404822,405573,406338,407113,407846
ISR,Israel,SP.POP.TOTL,"Population, total",0,,,,,,,,,,,,,,,,,,,,,,,,,,,,,,,,,,,,,,,,,,,,,,,,,,,,,,,,,,,,,,,,,,,,,,,,,,,9974400,10110474,10247303,10383727,10520570,10655717,10795123,10936222,11073161,11210555,11349955,11493199,11634043,11781943,11932307,12085849,12238294,12393211,12551911,12710288,12871003,13026514,13184297,13338818,13493519,13651913,13810846
ISR,Israel,SP.RUR.TOTL,Rural population,0,,,,,,,,,,,,,,,,,,,,,,,,,,,,,,,,,,,,,,,,,,,,,,,,,,,,,,,,,,,,,,,,,,,,,,,,,,,844214,851473,857176,861196,863577,864123,863296,860858,856332,850069,842169,832741,821313,808538,794058,777894,759754,739850,718238,694661,669258,641641,612202,580688,547273,512100,475028
ISR,Israel,SP.URB.TOTL,Urban population,0,,,,,,,,,,,,,,,,,,,,,,,,,,,,,,,,,,,,,,,,,,,,,,,,,,,,,,,,,,,,,,,,,,,,,,,,,,,9130186,9259001,9390127,9522531,9656993,9791594,9931827,10075364,10216829,10360486,10507786,10660458,10812730,10973405,11138249,11307955,11478540,11653361,11833673,12015627,12201745,12384873,12572095,12758130,12946246,13139813,13335818
ITA,Italy,SP.POP.TOTL,"Population, total",0,,,,,,,,,,,,,,,,,,,,,,,,,,,,,,,,,,,,,,,,,,,,,,,,,,,,,,,,,,,,,,,,,,,,,,,,,,,58952704,58728496,58480376,58221096,57963760,57703892,57429372,57150136,56882368,56611432,56333508,56052436,55774368,55488392,55201344,54901392,54601860,54300568,53983724,53646388,53311216,52961152,52602352,52224948,51843868,51448940,51041312
ITA,Italy,SP.RUR.TOTL,Rural population,0,,,,,,,,,,,,,,,,,,,,,,,,,,,,,,,,,,,,,,,,,,,,,,,,,,,,,,,,,,,,,,,,,,,,,,,,,,,17918820,17805974,17680136,17545246,17405309,17259020,17102819,16939754,16769162,16631491,16520289,16408896,16300786,16192695,16086555,15978849,15873393,15769482,15663043,15552587,15444617,15334123,15222821,15107788,14993275,14876261,14757096
ITA,Italy,SP.URB.TOTL,Urban population,0,,,,,,,,,,,,,,,,,,,,,,,,,,,,,,,,,,,,,,,,,,,,,,,,,,,,,,,,,,,,,,,,,,,,,,,,,,,41033884,40922522,40800240,40675850,40558451,40444872,40326553,40210382,40113206,39979941,39813219,39643540,39473582,39295697,39114789,38922543,38728467,38531086,38320681,38093801,37866599,37627029,37379531,37117160,36850593,36572679,36284216
JAM,Jamaica,SP.POP.TOTL,"Population, total",0,,,,,,,,,,,,,,,,,,,,,,,,,,,,,,,,,,,,,,,,,,,,,,,,,,,,,,,,,,,,,,,,,,,,,,,,,,,2839175,2837077,2833403,2828530,2822867,2816397,2808954,2800613,2791137,2780473,2768723,2755934,2742078,2726899,2710818,2693903,2676100,2657566,2638090,2617584,2596168,2574081,2551353,2528019,2504199,2479745,2454940
JAM,Jamaica,SP.RUR.TOTL,Rural population,0,,,,,,,,,,,,,,,,,,,,,,,,,,,,,,,,,,,,,,,,,,,,,,,,,,,,,,,,,,,,,,,,,,,,,,,,,,,1166045,1151132,1135154,1118284,1100704,1082423,1063397,1043673,1023185,1001940,980001,957413,934191,910280,885852,860956,835601,809864,783708,757138,730223,703060,675685,648133,620462,592660,564820
JAM,Jamaica,SP.URB.TOTL,Urban population,0,,,,,,,,,,,,,,,,,,,,,,,,,,,,,,,,,,,,,,,,,,,,,,,,,,,,,,,,,,,,,,,,,,,,,,,,,,,1673130,1685945,1698249,1710246,1722163,1733974,1745557,1756940,1767952,1778533,1788722,1798521,1807887,1816619,1824966,1832947,1840499,1847702,1854382,1860446,1865945,1871021,1875668,1879886,1883737,1887085,1890120
JOR,Jordan,SP.POP.TOTL,"Population, total",0,,,,,,,,,,,,,,,,,,,,,,,,,,,,,,,,,,,,,,,,,,,,,,,,,,,,,,,,,,,,,,,,,,,,,,,,,,,11552876,11520684,11589532,11819463,12034460,12245731,12448776,12652554,12854936,13050719,13245168,13440834,13638260,13840244,14048317,14256697,14471297,14684512,14883653,15077800,15273540,15471984,15662323,15841638,16021390,16197530,16367354
JOR,Jordan,SP.RUR.TOTL,Rural population,0,,,,,,,,,,,,,,,,,,,,,,,,,,,,,,,,,,,,,,,,,,,,,,,,,,,,,,,,,,,,,,,,,,,,,,,,,,,814462,782426,758264,745032,730952,716848,702556,688678,675162,661815,648991,636880,625563,615219,605958,597581,590394,584142,578406,573633,570146,568046,567000,566980,568463,571356,575732
JOR,Jordan,SP.URB.TOTL,Urban population,0,,,,,,,,,,,,,,,,,,,,,,,,,,,,,,,,,,,,,,,,,,,,,,,,,,,,,,,,,,,,,,,,,,,,,,,,,,,10738414,10738258,10831268,11074431,11303508,11528883,11746220,11963876,12179774,12388904,12596177,12803954,13012697,13225025,13442359,13659116,13880903,14100370,14305247,14504167,14703394,14903938,15095323,15274658,15452927,15626174,15791622
JPN,Japan,SP.POP.TOTL,"Population, total",0,,,,,,,,,,,,,,,,,,,,,,,,,,,,,,,,,,,,,,,,,,,,,,,,,,,,,,,,,,,,,,,,,,,,,,,,,,,123975371,123206280,122408104,121597720,120779192,119961696,119141136,118324192,117512368,116712304,115921336,115144744,114389976,113656256,112947616,112257168,111581160,110910624,110257528,109610528,108967752,108321080,107675448,107026192,106373512,105706600,105025984
JPN,Japan,SP.RUR.TOTL,Rural population,0,,,,,,,,,,,,,,,,,,,,,,,,,,,,,,,,,,,,,,,,,,,,,,,,,,,,,,,,,,,,,,,,,,,,,,,,,,,9682263,9486705,9287522,9086078,8882719,8678144,8472070,8264983,8056987,7848521,7639377,7429874,7220437,7010942,6801553,6591768,6381305,6169610,5957316,5743760,5528829,5312117,5093895,4873960,4652360,4428679,4203041
JPN,Japan,SP.URB.TOTL,Urban population,0,,,,,,,,,,,,,,,,,,,,,,,,,,,,,,,,,,,,,,,,,,,,,,,,,,,,,,,,,,,,,,,,,,,,,,,,,,,114293108,113719575,113120582,112511642,111896473,111283552,110669066,110059209,109455381,108863783,108281959,107714870,107169539,106645314,106146063,105665400,105199855,104741014,104300212,103866768,103438923,103008963,102581553,102152232,101721152,101277921,100822943
KAZ,Kazakhstan,SP.POP.TOTL,"Population, total",0,,,,,,,,,,,,,,,,,,,,,,,,,,,,,,,,,,,,,,,,,,,,,,,,,,,,,,,,,,,,,,,,,,,,,,,,,,,20592571,20843754,21083626,21316178,21547643,21777015,22003193,22227041,22452645,22679378,22903213,23125951,23349081,23571238,23793393,24017887,24246823,24477622,24707975,24941020,25175230,25409756,25642876,25875753,26106840,26328899,26544265
KAZ,Kazakhstan,SP.RUR.TOTL,Rural population,0,,,,,,,,,,,,,,,,,,,,,,,,,,,,,,,,,,,,,,,,,,,,,,,,,,,,,,,,,,,,,,,,,,,,,,,,,,,7810241,7840262,7865346,7887240,7908468,7928851,7948190,7967010,7986976,8008050,8029016,8050732,8073937,8098378,8124620,8153689,8186519,8222465,8260997,8303421,8349482,8399168,8452187,8509205,8569998,8632462,8697946
KAZ,Kazakhstan,SP.URB.TOTL,Urban population,0,,,,,,,,,,,,,,,,,,,,,,,,,,,,,,,,,,,,,,,,,,,,,,,,,,,,,,,,,,,,,,,,,,,,,,,,,,,12782330,13003492,13218280,13428938,13639175,13848164,14055003,14260031,14465669,14671328,14874197,15075219,15275144,15472860,15668773,15864198,16060304,16255157,16446978,16637599,16825748,17010588,17190689,17366548,17536842,17696437,17846319
KEN,Kenya,SP.POP.TOTL,"Population, total",0,,,,,,,,,,,,,,,,,,,,,,,,,,,,,,,,,,,,,,,,,,,,,,,,,,,,,,,,,,,,,,,,,,,,,,,,,,,56432944,57532493,58636412,59745753,60860444,61979187,63102245,64230118,65359035,66484811,67604630,68715909,69818886,70910401,71990934,73057766,74108863,75144352,76161724,77159124,78134980,79088836,80022375,80938647,81837664,82721771,83593239
KEN,Kenya,SP.RUR.TOTL,Rural population,0,,,,,,,,,,,,,,,,,,,,,,,,,,,,,,,,,,,,,,,,,,,,,,,,,,,,,,,,,,,,,,,,,,,,,,,,,,,38434343,39000058,39528483,40018936,40469989,40879429,41246118,41569090,41844658,42069012,42239367,42353226,42409958,42406951,42343924,42218797,42030065,41777588,41459863,41075934,40625165,40107649,39524648,38878071,38168322,37396929,36565377
KEN,Kenya,SP.URB.TOTL,Urban population,0,,,,,,,,,,,,,,,,,,,,,,,,,,,,,,,,,,,,,,,,,,,,,,,,,,,,,,,,,,,,,,,,,,,,,,,,,,,17998601,18532435,19107929,19726817,20390455,21099758,21856127,22661028,23514377,24415799,25365263,26362683,27408928,28503450,29647010,30838969,32078798,33366764,34701861,36083190,37509815,38981187,40497727,42060576,43669342,45324842,47027862
KGZ,Kyrgyz Republic,SP.POP.TOTL,"Population, total",0,,,,,,,,,,,,,,,,,,,,,,,,,,,,,,,,,,,,,,,,,,,,,,,,,,,,,,,,,,,,,,,,,,,,,,,,,,,7221868,7330717,7436154,7540675,7641928,7742340,7841486,7938994,8034047,8128556,8222278,8315658,8408910,8501673,8596192,8691042,8786095,8880333,8973063,9065342,9155475,9244094,9329714,9414892,9499812,9582553,9664077
KGZ,Kyrgyz Republic,SP.RUR.TOTL,Rural population,0,,,,,,,,,,,,,,,,,,,,,,,,,,,,,,,,,,,,,,,,,,,,,,,,,,,,,,,,,,,,,,,,,,,,,,,,,,,4714291,4783560,4849895,4914901,4977024,5037825,5097008,5154312,5209190,5262867,5315166,5366359,5416564,5465533,5514688,5563093,5610644,5656675,5700730,5743471,5783811,5822144,5857531,5891574,5924376,5954731,5983234
KGZ,Kyrgyz Republic,SP.URB.TOTL,Urban population,0,,,,,,,,,,,,,,,,,,,,,,,,,,,,,,,,,,,,,,,,,,,,,,,,,,,,,,,,,,,,,,,,,,,,,,,,,,,2507577,2547157,2586259,2625774,2664904,2704515,2744478,2784682,2824857,2865689,2907112,2949299,2992346,3036140,3081504,3127949,3175451,3223658,3272333,3321871,3371664,3421950,3472183,3523318,3575436,3627822,3680843
KHM,Cambodia,SP.POP.TOTL,"Population, total",0,,,,,,,,,,,,,,,,,,,,,,,,,,,,,,,,,,,,,,,,,,,,,,,,,,,,,,,,,,,,,,,,,,,,,,,,,,,17638801,17847982,18051219,18250145,18446771,18639393,18827388,19012052,19193351,19371578,19546876,19720141,19889530,20055504,20220803,20382865,20540682,20695379,20848376,20998537,21144579,21286237,21424346,21558221,21687185,21812188,21931455
KHM,Cambodia,SP.RUR.TOTL,Rural population,0,,,,,,,,,,,,,,,,,,,,,,,,,,,,,,,,,,,,,,,,,,,,,,,,,,,,,,,,,,,,,,,,,,,,,,,,,,,10429346,10511458,10591019,10669063,10746828,10823375,10898401,10972711,11046333,11119479,11192272,11265261,11337426,11409066,11481766,11554096,11625511,11696672,11768401,11840075,11910984,11980996,12050592,12119397,12187038,12254079,12319477
KHM,Cambodia,SP.URB.TOTL,Urban population,0,,,,,,,,,,,,,,,,,,,,,,,,,,,,,,,,,,,,,,,,,,,,,,,,,,,,,,,,,,,,,,,,,,,,,,,,,,,7209455,7336524,7460200,7581082,7699943,7816018,7928987,8039341,8147018,8252099,8354604,8454880,8552104,8646438,8739037,8828769,8915171,8998707,9079975,9158462,9233595,9305241,9373754,9438824,9500147,9558109,9611978
KIR,Kiribati,SP.POP.TOTL,"Population, total",0,,,,,,,,,,,,,,,,,,,,,,,,,,,,,,,,,,,,,,,,,,,,,,,,,,,,,,,,,,,,,,,,,,,,,,,,,,,134518,136488,138445,140399,142326,144227,146126,148024,149907,151763,153599,155440,157310,159186,161045,162889,164700,166500,168326,170175,172009,173813,175618,177388,179148,180911,182621
KIR,Kiribati,SP.RUR.TOTL,Rural population,0,,,,,,,,,,,,,,,,,,,,,,,,,,,,,,,,,,,,,,,,,,,,,,,,,,,,,,,,,,,,,,,,,,,,,,,,,,,50495,49975,49436,48885,48318,47738,47158,46581,46008,45438,44878,44340,43834,43358,42910,42495,42113,41775,41496,41278,41118,41017,40988,41027,41147,41355,41650
KIR,Kiribati,SP.URB.TOTL,Urban population,0,,,,,,,,,,,,,,,,,,,,,,,,,,,,,,,,,,,,,,,,,,,,,,,,,,,,,,,,,,,,,,,,,,,,,,,,,,,84023,86513,89009,91514,94008,96489,98968,101443,103899,106325,108721,111100,113476,115828,118135,120394,122587,124725,126830,128897,130891,132796,134630,136361,138001,139556,140971
KNA,St. Kitts and Nevis,SP.POP.TOTL,"Population, total",0,,,,,,,,,,,,,,,,,,,,,,,,,,,,,,,,,,,,,,,,,,,,,,,,,,,,,,,,,,,,,,,,,,,,,,,,,,,46843,46922,46992,47053,47094,47117,47134,47131,47105,47069,47013,46928,46825,46715,46599,46463,46313,46156,45983,45785,45577,45367,45151,44925,44699,44481,44249
KNA,St. Kitts and Nevis,SP.RUR.TOTL,Rural population,0,,,,,,,,,,,,,,,,,,,,,,,,,,,,,,,,,,,,,,,,,,,,,,,,,,,,,,,,,,,,,,,,,,,,,,,,,,,31949,31954,31949,31932,31897,31845,31783,31703,31601,31488,31356,31199,31024,30840,30645,30432,30205,29967,29713,29437,29149,28855,28551,28236,27915,27594,27258
KNA,St. Kitts and Nevis,SP.URB.TOTL,Urban population,0,,,,,,,,,,,,,,,,,,,,,,,,,,,,,,,,,,,,,,,,,,,,,,,,,,,,,,,,,,,,,,,,,,,,,,,,,,,14894,14968,15043,15121,15197,15272,15351,15428,15504,15581,15657,15729,15801,15875,15954,16031,16108,16189,16270,16348,16428,16512,16600,16689,16784,16887,16991
KOR,"Korea, Rep.",SP.POP.TOTL,"Population, total",0,,,,,,,,,,,,,,,,,,,,,,,,,,,,,,,,,,,,,,,,,,,,,,,,,,,,,,,,,,,,,,,,,,,,,,,,,,,51751065,51655548,51549772,51431412,51306912,51170344,51023284,50865044,50691628,50497928,50286176,50055340,49804096,49528824,49230128,48910616,48574336,48216256,47848088,47464956,47064712,46653584,46235796,45801072,45357404,44899988,44434192
KOR,"Korea, Rep.",SP.RUR.TOTL,Rural population,0,,,,,,,,,,,,,,,,,,,,,,,,,,,,,,,,,,,,,,,,,,,,,,,,,,,,,,,,,,,,,,,,,,,,,,,,,,,9745630,9724660,9700474,9672420,9641499,9606389,9567184,9523557,9474573,9419097,9357381,9289076,9213791,9130731,9039897,8941673,8836710,8724020,8605662,8480694,8348696,8210751,8067572,7917354,7761501,7599211,7431438
KOR,"Korea, Rep.",SP.URB.TOTL,Urban population,0,,,,,,,,,,,,,,,,,,,,,,,,,,,,,,,,,,,,,,,,,,,,,,,,,,,,,,,,,,,,,,,,,,,,,,,,,,,42005435,41930888,41849298,41758992,41665413,41563955,41456100,41341487,41217055,41078831,40928795,40766264,40590305,40398093,40190231,39968943,39737626,39492236,39242426,38984262,38716016,38442833,38168224,37883718,37595903,37300777,37002754
KWT,Kuwait,SP.POP.TOTL,"Population, total",0,,,,,,,,,,,,,,,,,,,,,,,,,,,,,,,,,,,,,,,,,,,,,,,,,,,,,,,,,,,,,,,,,,,,,,,,,,,4897263,4978982,5049352,5108936,5161125,5209552,5255568,5302431,5350162,5398791,5448233,5498345,5549054,5600274,5651976,5703949,5756196,5808759,5861633,5914587,5967732,6020832,6073864,6126871,6179909,6232822,6285822
KWT,Kuwait,SP.RUR.TOTL,Rural population,0,,,,,,,,,,,,,,,,,,,,,,,,,,,,,,,,,,,,,,,,,,,,,,,,,,,,,,,,,,,,,,,,,,,,,,,,,,,0,0,0,0,0,0,0,0,0,0,0,0,0,0,0,0,0,0,0,0,0,0,0,0,0,0,0
KWT,Kuwait,SP.URB.TOTL,Urban population,0,,,,,,,,,,,,,,,,,,,,,,,,,,,,,,,,,,,,,,,,,,,,,,,,,,,,,,,,,,,,,,,,,,,,,,,,,,,4897263,4978982,5049352,5108936,5161125,5209552,5255568,5302431,5350162,5398791,5448233,5498345,5549054,5600274,5651976,5703949,5756196,5808759,5861633,5914587,5967732,6020832,6073864,6126871,6179909,6232822,6285822
LAO,Lao PDR,SP.POP.TOTL,"Population, total",0,,,,,,,,,,,,,,,,,,,,,,,,,,,,,,,,,,,,,,,,,,,,,,,,,,,,,,,,,,,,,,,,,,,,,,,,,,,7769819,7873046,7974017,8072922,8169792,8264400,8357023,8447765,8536451,8622827,8706827,8788756,8868879,8947243,9023859,9097892,9169002,9238102,9305406,9370047,9432308,9492503,9550340,9605806,9659039,9709614,9757285
LAO,Lao PDR,SP.RUR.TOTL,Rural population,0,,,,,,,,,,,,,,,,,,,,,,,,,,,,,,,,,,,,,,,,,,,,,,,,,,,,,,,,,,,,,,,,,,,,,,,,,,,4696450,4699186,4698256,4693782,4685791,4674165,4659071,4640576,4618594,4593001,4563782,4531118,4495158,4455936,4413466,4367357,4317482,4264307,4207950,4148041,4084744,4018228,3948397,3875284,3798980,3719360,3636384
LAO,Lao PDR,SP.URB.TOTL,Urban population,0,,,,,,,,,,,,,,,,,,,,,,,,,,,,,,,,,,,,,,,,,,,,,,,,,,,,,,,,,,,,,,,,,,,,,,,,,,,3073369,3173860,3275761,3379140,3484001,3590235,3697952,3807189,3917857,4029826,4143045,4257638,4373721,4491307,4610393,4730535,4851520,4973795,5097456,5222006,5347564,5474275,5601943,5730522,5860059,5990254,6120901
LBN,Lebanon,SP.POP.TOTL,"Population, total",0,,,,,,,,,,,,,,,,,,,,,,,,,,,,,,,,,,,,,,,,,,,,,,,,,,,,,,,,,,,,,,,,,,,,,,,,,,,5805962,5849421,5897467,5947063,5997849,6050381,6103808,6158001,6210756,6259747,6308829,6357724,6407673,6461871,6516248,6569275,6620329,6669098,6714440,6754072,6794018,6834988,6871779,6909024,6944194,6972886,6999260
LBN,Lebanon,SP.RUR.TOTL,Rural population,0,,,,,,,,,,,,,,,,,,,,,,,,,,,,,,,,,,,,,,,,,,,,,,,,,,,,,,,,,,,,,,,,,,,,,,,,,,,539740,528774,523359,518089,512950,508006,503204,498554,493905,489106,484497,480084,475987,472465,469241,466235,463440,460872,458490,456180,454388,453193,452281,451994,452198,452641,453628
LBN,Lebanon,SP.URB.TOTL,Urban population,0,,,,,,,,,,,,,,,,,,,,,,,,,,,,,,,,,,,,,,,,,,,,,,,,,,,,,,,,,,,,,,,,,,,,,,,,,,,5266222,5320647,5374108,5428974,5484899,5542375,5600604,5659447,5716851,5770641,5824332,5877640,5931686,5989406,6047007,6103040,6156889,6208226,6255950,6297892,6339630,6381795,6419498,6457030,6491996,6520245,6545632
LBR,Liberia,SP.POP.TOTL,"Population, total",0,,,,,,,,,,,,,,,,,,,,,,,,,,,,,,,,,,,,,,,,,,,,,,,,,,,,,,,,,,,,,,,,,,,,,,,,,,,5612817,5731206,5853949,5986800,6118760,6245086,6366291,6486741,6614253,6744921,6873680,7003557,7142323,7278757,7408712,7545501,7681688,7817083,7954176,8077162,8194126,8310645,8428910,8552022,8673949,8795828,8910530
LBR,Liberia,SP.RUR.TOTL,Rural population,0,,,,,,,,,,,,,,,,,,,,,,,,,,,,,,,,,,,,,,,,,,,,,,,,,,,,,,,,,,,,,,,,,,,,,,,,,,,2495526,2517033,2539007,2563829,2586670,2605553,2620767,2634159,2648857,2663187,2675108,2685798,2698158,2707845,2713363,2719605,2723798,2725869,2726667,2720818,2711233,2699813,2687246,2674455,2659480,2642667,2621900
LBR,Liberia,SP.URB.TOTL,Urban population,0,,,,,,,,,,,,,,,,,,,,,,,,,,,,,,,,,,,,,,,,,,,,,,,,,,,,,,,,,,,,,,,,,,,,,,,,,,,3117291,3214173,3314942,3422971,3532090,3639533,3745524,3852582,3965396,4081734,4198572,4317759,4444165,4570912,4695349,4825896,4957890,5091214,5227509,5356344,5482893,5610832,5741664,5877567,6014469,6153161,6288630
LBY,Libya,SP.POP.TOTL,"Population, total",0,,,,,,,,,,,,,,,,,,,,,,,,,,,,,,,,,,,,,,,,,,,,,,,,,,,,,,,,,,,,,,,,,,,,,,,,,,,7381023,7458555,7539851,7627488,7716842,7802212,7885806,7969109,8048490,8126638,8206613,8283953,8357486,8431728,8506598,8579854,8651417,8719615,8786620,8854390,8920028,8983949,9043673,9098408,9154065,9208613,9260605
LBY,Libya,SP.RUR.TOTL,Rural population,0,,,,,,,,,,,,,,,,,,,,,,,,,,,,,,,,,,,,,,,,,,,,,,,,,,,,,,,,,,,,,,,,,,,,,,,,,,,894181,901647,909095,916775,924065,930219,935442,939846,942939,944975,946240,946147,944499,941740,937784,932307,925230,916305,905698,893531,879431,863371,845048,824342,801730,776949,749810
LBY,Libya,SP.URB.TOTL,Urban population,0,,,,,,,,,,,,,,,,,,,,,,,,,,,,,,,,,,,,,,,,,,,,,,,,,,,,,,,,,,,,,,,,,,,,,,,,,,,6486842,6556908,6630756,6710713,6792777,6871993,6950364,7029263,7105551,7181663,7260373,7337806,7412987,7489988,7568814,7647547,7726187,7803310,7880922,7960859,8040597,8120578,8198625,8274066,8352335,8431664,8510795
LCA,St. Lucia,SP.POP.TOTL,"Population, total",0,,,,,,,,,,,,,,,,,,,,,,,,,,,,,,,,,,,,,,,,,,,,,,,,,,,,,,,,,,,,,,,,,,,,,,,,,,,179744,180149,180488,180768,181004,181202,181359,181461,181492,181458,181351,181178,180948,180632,180227,179774,179293,178760,178185,177587,176934,176236,175512,174727,173875,172990,172081
LCA,St. Lucia,SP.RUR.TOTL,Rural population,0,,,,,,,,,,,,,,,,,,,,,,,,,,,,,,,,,,,,,,,,,,,,,,,,,,,,,,,,,,,,,,,,,,,,,,,,,,,127443,127732,127975,128178,128351,128500,128623,128711,128751,128750,128701,128610,128484,128302,128063,127796,127515,127204,126871,126528,126154,125756,125348,124904,124421,123923,123416
LCA,St. Lucia,SP.URB.TOTL,Urban population,0,,,,,,,,,,,,,,,,,,,,,,,,,,,,,,,,,,,,,,,,,,,,,,,,,,,,,,,,,,,,,,,,,,,,,,,,,,,52301,52417,52513,52590,52653,52702,52736,52750,52741,52708,52650,52568,52464,52330,52164,51978,51778,51556,51314,51059,50780,50480,50164,49823,49454,49067,48665
LIE,Liechtenstein,SP.POP.TOTL,"Population, total",0,,,,,,,,,,,,,,,,,,,,,,,,,,,,,,,,,,,,,,,,,,,,,,,,,,,,,,,,,,,,,,,,,,,,,,,,,,,40450,40712,40955,41185,41403,41607,41801,41994,42171,42329,42476,42616,42744,42857,42964,43066,43153,43237,43312,43377,43437,43485,43532,43569,43597,43621,43639
LIE,Liechtenstein,SP.RUR.TOTL,Rural population,0,,,,,,,,,,,,,,,,,,,,,,,,,,,,,,,,,,,,,,,,,,,,,,,,,,,,,,,,,,,,,,,,,,,,,,,,,,,34521,34756,34977,35191,35397,35595,35787,35981,36164,36335,36499,36660,36814,36959,37101,37242,37374,37505,37633,37754,37875,37988,38103,38213,38317,38421,38523
LIE,Liechtenstein,SP.URB.TOTL,Urban population,0,,,,,,,,,,,,,,,,,,,,,,,,,,,,,,,,,,,,,,,,,,,,,,,,,,,,,,,,,,,,,,,,,,,,,,,,,,,5929,5956,5978,5994,6006,6012,6014,6013,6007,5994,5977,5956,5930,5898,5863,5824,5779,5732,5679,5623,5562,5497,5429,5356,5280,5200,5116
LKA,Sri Lanka,SP.POP.TOTL,"Population, total",0,,,,,,,,,,,,,,,,,,,,,,,,,,,,,,,,,,,,,,,,,,,,,,,,,,,,,,,,,,,,,,,,,,,,,,,,,,,21916000,22027708,22134006,22234496,22329416,22417460,22504002,22584834,22663498,22738286,22808194,22874740,22937288,22999798,23056778,23111272,23159442,23204394,23243236,23278530,23308406,23339558,23361910,23377270,23386606,23391560,23394042
LKA,Sri Lanka,SP.RUR.TOTL,Rural population,0,,,,,,,,,,,,,,,,,,,,,,,,,,,,,,,,,,,,,,,,,,,,,,,,,,,,,,,,,,,,,,,,,,,,,,,,,,,17467118,17523012,17575133,17623237,17667582,17707206,17746421,17781964,17816689,17849307,17879091,17907291,17933466,17960765,17984951,18008454,18028338,18047077,18062474,18076573,18087972,18101913,18110623,18115555,18117503,18117808,18117915
LKA,Sri Lanka,SP.URB.TOTL,Urban population,0,,,,,,,,,,,,,,,,,,,,,,,,,,,,,,,,,,,,,,,,,,,,,,,,,,,,,,,,,,,,,,,,,,,,,,,,,,,4448882,4504696,4558873,4611259,4661834,4710254,4757581,4802870,4846809,4888979,4929103,4967449,5003822,5039033,5071827,5102818,5131104,5157317,5180762,5201957,5220434,5237645,5251287,5261715,5269103,5273752,5276127
LSO,Lesotho,SP.POP.TOTL,"Population, total",0,,,,,,,,,,,,,,,,,,,,,,,,,,,,,,,,,,,,,,,,,,,,,,,,,,,,,,,,,,,,,,,,,,,,,,,,,,,2337423,2363325,2389336,2415369,2441442,2467683,2493818,2520021,2546490,2573110,2599779,2626567,2653498,2680080,2706202,2732146,2757876,2783369,2808544,2833260,2857505,2881339,2904784,2927865,2950413,2972157,2993077
LSO,Lesotho,SP.RUR.TOTL,Rural population,0,,,,,,,,,,,,,,,,,,,,,,,,,,,,,,,,,,,,,,,,,,,,,,,,,,,,,,,,,,,,,,,,,,,,,,,,,,,1316483,1307638,1298547,1289179,1279560,1269773,1259692,1249428,1239093,1228645,1218054,1207371,1196626,1185619,1174333,1162923,1151402,1139788,1128079,1116251,1104334,1092385,1080448,1068563,1056703,1044810,1032915
LSO,Lesotho,SP.URB.TOTL,Urban population,0,,,,,,,,,,,,,,,,,,,,,,,,,,,,,,,,,,,,,,,,,,,,,,,,,,,,,,,,,,,,,,,,,,,,,,,,,,,1020940,1055687,1090789,1126190,1161882,1197910,1234126,1270593,1307397,1344465,1381725,1419196,1456872,1494461,1531869,1569223,1606474,1643581,1680465,1717009,1753171,1788954,1824336,1859302,1893710,1927347,1960162
LTU,Lithuania,SP.POP.TOTL,"Population, total",0,,,,,,,,,,,,,,,,,,,,,,,,,,,,,,,,,,,,,,,,,,,,,,,,,,,,,,,,,,,,,,,,,,,,,,,,,,,2888278,2845440,2822205,2799079,2776232,2754121,2732222,2710662,2689059,2667314,2644975,2622914,2600269,2576899,2553498,2529358,2506043,2482438,2458524,2434341,2411055,2387896,2364911,2341392,2318531,2296004,2272803
LTU,Lithuania,SP.RUR.TOTL,Rural population,0,,,,,,,,,,,,,,,,,,,,,,,,,,,,,,,,,,,,,,,,,,,,,,,,,,,,,,,,,,,,,,,,,,,,,,,,,,,900317,879763,865450,851300,837365,823780,810385,797216,784160,771189,758175,745371,732532,719624,706844,694000,681520,669101,656738,644445,632530,620786,609224,597663,586408,575372,564305
LTU,Lithuania,SP.URB.TOTL,Urban population,0,,,,,,,,,,,,,,,,,,,,,,,,,,,,,,,,,,,,,,,,,,,,,,,,,,,,,,,,,,,,,,,,,,,,,,,,,,,1987961,1965677,1956755,1947779,1938867,1930341,1921837,1913446,1904899,1896125,1886800,1877543,1867737,1857275,1846654,1835358,1824523,1813337,1801786,1789896,1778525,1767110,1755687,1743729,1732123,1720632,1708498
LUX,Luxembourg,SP.POP.TOTL,"Population, total",0,,,,,,,,,,,,,,,,,,,,,,,,,,,,,,,,,,,,,,,,,,,,,,,,,,,,,,,,,,,,,,,,,,,,,,,,,,,677012,684101,690822,697568,704224,710403,716217,721796,727353,732496,737394,742205,746689,750896,755154,759188,762757,766210,769492,772366,775107,777756,780094,782242,784366,786101,787638
LUX,Luxembourg,SP.RUR.TOTL,Rural population,0,,,,,,,,,,,,,,,,,,,,,,,,,,,,,,,,,,,,,,,,,,,,,,,,,,,,,,,,,,,,,,,,,,,,,,,,,,,34908,34997,35077,35166,35259,35337,35407,35475,35551,35617,35681,35751,35816,35878,35952,36026,36088,36155,36223,36283,36346,36415,36479,36543,36616,36679,36742
LUX,Luxembourg,SP.URB.TOTL,Urban population,0,,,,,,,,,,,,,,,,,,,,,,,,,,,,,,,,,,,,,,,,,,,,,,,,,,,,,,,,,,,,,,,,,,,,,,,,,,,642104,649104,655745,662402,668965,675066,680810,686321,691802,696879,701713,706454,710873,715018,719202,723162,726669,730055,733269,736083,738761,741341,743615,745699,747750,749422,750896
LVA,Latvia,SP.POP.TOTL,"Population, total",0,,,,,,,,,,,,,,,,,,,,,,,,,,,,,,,,,,,,,,,,,,,,,,,,,,,,,,,,,,,,,,,,,,,,,,,,,,,1866124,1844970,1830743,1816477,1802290,1787966,1773274,1759155,1744870,1730765,1717045,1703562,1689920,1676536,1663076,1649425,1636175,1622745,1609790,1596714,1583773,1570627,1557933,1545293,1532677,1520137,1507681
LVA,Latvia,SP.RUR.TOTL,Rural population,0,,,,,,,,,,,,,,,,,,,,,,,,,,,,,,,,,,,,,,,,,,,,,,,,,,,,,,,,,,,,,,,,,,,,,,,,,,,588129,578720,571117,563142,554849,546189,537107,527907,518380,508645,498776,488740,478438,468003,457354,446476,435541,424405,413254,401943,390550,379002,367472,355870,344202,332490,320746
LVA,Latvia,SP.URB.TOTL,Urban population,0,,,,,,,,,,,,,,,,,,,,,,,,,,,,,,,,,,,,,,,,,,,,,,,,,,,,,,,,,,,,,,,,,,,,,,,,,,,1277995,1266250,1259626,1253335,1247441,1241777,1236167,1231248,1226490,1222120,1218269,1214822,1211482,1208533,1205722,1202949,1200634,1198340,1196536,1194771,1193223,1191625,1190461,1189423,1188475,1187647,1186935
MAC,"Macao SAR, China",SP.POP.TOTL,"Population, total",0,,,,,,,,,,,,,,,,,,,,,,,,,,,,,,,,,,,,,,,,,,,,,,,,,,,,,,,,,,,,,,,,,,,,,,,,,,,687000,677703,679364,679426,679631,681641,682042,682626,681186,681082,679320,677203,673538,669957,665527,662110,658829,654515,650289,646310,643019,640227,636059,631464,627685,624859,621336
MAC,"Macao SAR, China",SP.RUR.TOTL,Rural population,0,,,,,,,,,,,,,,,,,,,,,,,,,,,,,,,,,,,,,,,,,,,,,,,,,,,,,,,,,,,,,,,,,,,,,,,,,,,0,0,0,0,0,0,0,0,0,0,0,0,0,0,0,0,0,0,0,0,0,0,0,0,0,0,0
MAC,"Macao SAR, China",SP.URB.TOTL,Urban population,0,,,,,,,,,,,,,,,,,,,,,,,,,,,,,,,,,,,,,,,,,,,,,,,,,,,,,,,,,,,,,,,,,,,,,,,,,,,687000,677703,679364,679426,679631,681641,682042,682626,681186,681082,679320,677203,673538,669957,665527,662110,658829,654515,650289,646310,643019,640227,636059,631464,627685,624859,621336
MAF,St. Martin (French part),SP.POP.TOTL,"Population, total",0,,,,,,,,,,,,,,,,,,,,,,,,,,,,,,,,,,,,,,,,,,,,,,,,,,,,,,,,,,,,,,,,,,,,,,,,,,,26129,24941,23898,22991,22233,21599,21066,20610,20226,19883,19601,19397,19246,19137,19049,18982,18924,18869,18835,18823,18821,18819,18805,18793,18799,18803,18795
MAF,St. Martin (French part),SP.RUR.TOTL,Rural population,0,,,,,,,,,,,,,,,,,,,,,,,,,,,,,,,,,,,,,,,,,,,,,,,,,,,,,,,,,,,,,,,,,,,,,,,,,,,0,0,0,0,0,0,0,0,0,0,0,0,0,0,0,0,0,0,0,0,0,0,0,0,0,0,0
MAF,St. Martin (French part),SP.URB.TOTL,Urban population,0,,,,,,,,,,,,,,,,,,,,,,,,,,,,,,,,,,,,,,,,,,,,,,,,,,,,,,,,,,,,,,,,,,,,,,,,,,,26129,24941,23898,22991,22233,21599,21066,20610,20226,19883,19601,19397,19246,19137,19049,18982,18924,18869,18835,18823,18821,18819,18805,18793,18799,18803,18795
MAR,Morocco,SP.POP.TOTL,"Population, total",0,,,,,,,,,,,,,,,,,,,,,,,,,,,,,,,,,,,,,,,,,,,,,,,,,,,,,,,,,,,,,,,,,,,,,,,,,,,38081173,38430770,38762441,39080099,39384126,39674560,39953460,40221743,40477986,40722975,40957244,41182094,41398230,41604033,41802274,41990445,42168205,42339041,42500327,42650495,42792498,42925306,43046179,43158169,43262402,43355720,43440431
MAR,Morocco,SP.RUR.TOTL,Rural population,0,,,,,,,,,,,,,,,,,,,,,,,,,,,,,,,,,,,,,,,,,,,,,,,,,,,,,,,,,,,,,,,,,,,,,,,,,,,14166268,14170247,14159033,14134134,14095698,14043760,13979076,13901984,13812019,13709499,13594653,13467961,13329697,13179393,13017991,12844767,12659713,12463964,12256820,12037951,11808321,11567758,11315674,11053047,10780301,10496803,10203299
MAR,Morocco,SP.URB.TOTL,Urban population,0,,,,,,,,,,,,,,,,,,,,,,,,,,,,,,,,,,,,,,,,,,,,,,,,,,,,,,,,,,,,,,,,,,,,,,,,,,,23914905,24260523,24603408,24945965,25288428,25630800,25974384,26319759,26665967,27013476,27362591,27714133,28068533,28424640,28784283,29145678,29508492,29875077,30243507,30612544,30984177,31357548,31730505,32105122,32482101,32858917,33237132
MCO,Monaco,SP.POP.TOTL,"Population, total",0,,,,,,,,,,,,,,,,,,,,,,,,,,,,,,,,,,,,,,,,,,,,,,,,,,,,,,,,,,,,,,,,,,,,,,,,,,,38631,38341,38087,37868,37672,37507,37366,37243,37132,37041,36967,36894,36824,36760,36708,36671,36627,36569,36538,36526,36517,36523,36538,36572,36620,36681,36757
MCO,Monaco,SP.RUR.TOTL,Rural population,0,,,,,,,,,,,,,,,,,,,,,,,,,,,,,,,,,,,,,,,,,,,,,,,,,,,,,,,,,,,,,,,,,,,,,,,,,,,0,0,0,0,0,0,0,0,0,0,0,0,0,0,0,0,0,0,0,0,0,0,0,0,0,0,0
MCO,Monaco,SP.URB.TOTL,Urban population,0,,,,,,,,,,,,,,,,,,,,,,,,,,,,,,,,,,,,,,,,,,,,,,,,,,,,,,,,,,,,,,,,,,,,,,,,,,,38631,38341,38087,37868,37672,37507,37366,37243,37132,37041,36967,36894,36824,36760,36708,36671,36627,36569,36538,36526,36517,36523,36538,36572,36620,36681,36757
MDA,Moldova,SP.POP.TOTL,"Population, total",0,,,,,,,,,,,,,,,,,,,,,,,,,,,,,,,,,,,,,,,,,,,,,,,,,,,,,,,,,,,,,,,,,,,,,,,,,,,2402306,2365111,2340095,2315232,2290180,2264833,2239156,2213883,2188646,2163007,2137342,2111673,2086798,2062327,2038368,2014648,1992135,1970547,1949383,1928632,1908924,1889241,1870531,1852410,1834615,1816370,1798787
MDA,Moldova,SP.RUR.TOTL,Rural population,0,,,,,,,,,,,,,,,,,,,,,,,,,,,,,,,,,,,,,,,,,,,,,,,,,,,,,,,,,,,,,,,,,,,,,,,,,,,1356907,1330762,1311822,1293283,1274947,1256746,1238656,1221073,1203785,1186544,1169549,1152803,1136733,1121116,1106003,1091235,1077330,1064123,1051336,1038956,1027315,1015857,1005087,994790,984819,974753,965183
MDA,Moldova,SP.URB.TOTL,Urban population,0,,,,,,,,,,,,,,,,,,,,,,,,,,,,,,,,,,,,,,,,,,,,,,,,,,,,,,,,,,,,,,,,,,,,,,,,,,,1045399,1034349,1028273,1021949,1015233,1008087,1000500,992810,984861,976463,967793,958870,950065,941211,932365,923413,914805,906424,898047,889676,881609,873384,865444,857620,849796,841617,833604
MDG,Madagascar,SP.POP.TOTL,"Population, total",0,,,,,,,,,,,,,,,,,,,,,,,,,,,,,,,,,,,,,,,,,,,,,,,,,,,,,,,,,,,,,,,,,,,,,,,,,,,31964956,32740678,33522052,34308793,35099857,35894678,36693183,37495706,38301317,39109380,39919950,40733844,41551315,42371340,43194160,44019293,44846895,45676979,46508815,47342295,48176604,49011274,49846527,50682067,51517353,52351990,53185475
MDG,Madagascar,SP.RUR.TOTL,Rural population,0,,,,,,,,,,,,,,,,,,,,,,,,,,,,,,,,,,,,,,,,,,,,,,,,,,,,,,,,,,,,,,,,,,,,,,,,,,,21597446,21968436,22331423,22685894,23030846,23365609,23689849,24003499,24305685,24595741,24873454,25139084,25392532,25632924,25860175,26073769,26273582,26459409,26630626,26786982,26927844,27052797,27161824,27254626,27330794,27390015,27431936
MDG,Madagascar,SP.URB.TOTL,Urban population,0,,,,,,,,,,,,,,,,,,,,,,,,,,,,,,,,,,,,,,,,,,,,,,,,,,,,,,,,,,,,,,,,,,,,,,,,,,,10367510,10772242,11190629,11622899,12069011,12529069,13003334,13492207,13995632,14513639,15046496,15594760,16158783,16738416,17333985,17945524,18573313,19217570,19878189,20555313,21248760,21958477,22684703,23427441,24186559,24961975,25753539
MDV,Maldives,SP.POP.TOTL,"Population, total",0,,,,,,,,,,,,,,,,,,,,,,,,,,,,,,,,,,,,,,,,,,,,,,,,,,,,,,,,,,,,,,,,,,,,,,,,,,,527799,529676,531517,533431,535494,537571,539667,541921,544283,546718,549155,551594,554087,556633,559230,561953,564798,567605,570378,573135,575809,578453,581021,583392,585720,587981,589962
MDV,Maldives,SP.RUR.TOTL,Rural population,0,,,,,,,,,,,,,,,,,,,,,,,,,,,,,,,,,,,,,,,,,,,,,,,,,,,,,,,,,,,,,,,,,,,,,,,,,,,306133,304531,302774,300924,299018,296979,294807,292575,290251,287814,285222,282475,279595,276579,273423,270159,266781,263209,259443,255489,251318,246951,242369,237521,232473,227214,221666
MDV,Maldives,SP.URB.TOTL,Urban population,0,,,,,,,,,,,,,,,,,,,,,,,,,,,,,,,,,,,,,,,,,,,,,,,,,,,,,,,,,,,,,,,,,,,,,,,,,,,221666,225145,228743,232507,236476,240592,244860,249346,254032,258904,263933,269119,274492,280054,285807,291794,298017,304396,310935,317646,324491,331502,338652,345871,353247,360767,368296
MEX,Mexico,SP.POP.TOTL,"Population, total",0,,,,,,,,,,,,,,,,,,,,,,,,,,,,,,,,,,,,,,,,,,,,,,,,,,,,,,,,,,,,,,,,,,,,,,,,,,,130861007,131946900,132997658,134017708,135008697,135970891,136904738,137811065,138690193,139542085,140362027,141150819,141909163,142637546,143336220,143998292,144624323,145217774,145777456,146300007,146787717,147240092,147654160,148030146,148372231,148677897,148946274
MEX,Mexico,SP.RUR.TOTL,Rural population,0,,,,,,,,,,,,,,,,,,,,,,,,,,,,,,,,,,,,,,,,,,,,,,,,,,,,,,,,,,,,,,,,,,,,,,,,,,,26494276,26335423,26154548,25952543,25729727,25486149,25221899,24937141,24631947,24306330,23959519,23591738,23203198,22794075,22364514,21913581,21441564,20949180,20436448,19903127,19349792,18776639,18183581,17570982,16939668,16289672,15621277
MEX,Mexico,SP.URB.TOTL,Urban population,0,,,,,,,,,,,,,,,,,,,,,,,,,,,,,,,,,,,,,,,,,,,,,,,,,,,,,,,,,,,,,,,,,,,,,,,,,,,104366731,105611477,106843110,108065165,109278970,110484742,111682839,112873924,114058246,115235755,116402508,117559081,118705965,119843471,120971706,122084711,123182759,124268594,125341008,126396880,127437925,128463453,129470579,130459164,131432563,132388225,133324997
MHL,Marshall Islands,SP.POP.TOTL,"Population, total",0,,,,,,,,,,,,,,,,,,,,,,,,,,,,,,,,,,,,,,,,,,,,,,,,,,,,,,,,,,,,,,,,,,,,,,,,,,,37548,36282,35075,33976,32976,32047,31186,30418,29741,29141,28610,28142,27744,27394,27090,26831,26597,26392,26216,26055,25907,25773,25651,25539,25427,25307,25195
MHL,Marshall Islands,SP.RUR.TOTL,Rural population,0,,,,,,,,,,,,,,,,,,,,,,,,,,,,,,,,,,,,,,,,,,,,,,,,,,,,,,,,,,,,,,,,,,,,,,,,,,,7985,7581,7198,6846,6522,6219,5936,5677,5440,5222,5021,4835,4664,4504,4354,4213,4079,3950,3827,3708,3592,3479,3369,3261,3153,3046,2941
MHL,Marshall Islands,SP.URB.TOTL,Urban population,0,,,,,,,,,,,,,,,,,,,,,,,,,,,,,,,,,,,,,,,,,,,,,,,,,,,,,,,,,,,,,,,,,,,,,,,,,,,29563,28701,27877,27130,26454,25828,25250,24741,24301,23919,23589,23307,23080,22890,22736,22618,22518,22442,22389,22347,22315,22294,22282,22278,22274,22261,22254
MKD,North Macedonia,SP.POP.TOTL,"Population, total",0,,,,,,,,,,,,,,,,,,,,,,,,,,,,,,,,,,,,,,,,,,,,,,,,,,,,,,,,,,,,,,,,,,,,,,,,,,,1824359,1814961,1805082,1795315,1785172,1774552,1763096,1751572,1739864,1728138,1716028,1703706,1691137,1678406,1665902,1653151,1640264,1627421,1614367,1601333,1588618,1575749,1562827,1550302,1537737,1524987,1512128
MKD,North Macedonia,SP.RUR.TOTL,Rural population,0,,,,,,,,,,,,,,,,,,,,,,,,,,,,,,,,,,,,,,,,,,,,,,,,,,,,,,,,,,,,,,,,,,,,,,,,,,,682957,673514,663711,653775,643538,632975,621971,610812,599467,588002,576301,564436,552403,540243,528087,515793,503405,490986,478469,465930,453461,440932,428380,415933,403476,390979,378470
MKD,North Macedonia,SP.URB.TOTL,Urban population,0,,,,,,,,,,,,,,,,,,,,,,,,,,,,,,,,,,,,,,,,,,,,,,,,,,,,,,,,,,,,,,,,,,,,,,,,,,,1141402,1141447,1141371,1141540,1141634,1141577,1141125,1140760,1140397,1140136,1139727,1139270,1138734,1138163,1137815,1137358,1136859,1136435,1135898,1135403,1135157,1134817,1134447,1134369,1134261,1134008,1133658
MLI,Mali,SP.POP.TOTL,"Population, total",0,,,,,,,,,,,,,,,,,,,,,,,,,,,,,,,,,,,,,,,,,,,,,,,,,,,,,,,,,,,,,,,,,,,,,,,,,,,24478595,25198821,25932275,26679169,27440610,28215512,29002865,29804538,30618889,31442797,32276676,33118345,33967889,34823450,35685574,36549482,37413643,38280866,39151279,40026323,40902503,41778982,42655645,43530854,44405719,45279774,46154079
MLI,Mali,SP.RUR.TOTL,Rural population,0,,,,,,,,,,,,,,,,,,,,,,,,,,,,,,,,,,,,,,,,,,,,,,,,,,,,,,,,,,,,,,,,,,,,,,,,,,,16741508,17081597,17421649,17761542,18101739,18441239,18779117,19116319,19451511,19782470,20109248,20430287,20745463,21053477,21354511,21645580,21925718,22196516,22457954,22710754,22952829,23183657,23403131,23610318,23805801,23989299,24161341
MLI,Mali,SP.URB.TOTL,Urban population,0,,,,,,,,,,,,,,,,,,,,,,,,,,,,,,,,,,,,,,,,,,,,,,,,,,,,,,,,,,,,,,,,,,,,,,,,,,,7737087,8117224,8510626,8917627,9338871,9774273,10223748,10688219,11167378,11660327,12167428,12688058,13222426,13769973,14331063,14903902,15487925,16084350,16693325,17315569,17949674,18595325,19252514,19920536,20599918,21290475,21992738
MLT,Malta,SP.POP.TOTL,"Population, total",0,,,,,,,,,,,,,,,,,,,,,,,,,,,,,,,,,,,,,,,,,,,,,,,,,,,,,,,,,,,,,,,,,,,,,,,,,,,568847,573715,575381,576854,578001,578831,579472,579875,580124,579945,579304,578523,577611,576557,575259,573873,572532,571031,569582,567982,566377,564680,562982,561029,559238,557526,555568
MLT,Malta,SP.RUR.TOTL,Rural population,0,,,,,,,,,,,,,,,,,,,,,,,,,,,,,,,,,,,,,,,,,,,,,,,,,,,,,,,,,,,,,,,,,,,,,,,,,,,24719,24781,24712,24641,24564,24481,24396,24309,24222,24124,24013,23903,23795,23687,23575,23465,23362,23259,23163,23066,22974,22882,22795,22701,22618,22542,22460
MLT,Malta,SP.URB.TOTL,Urban population,0,,,,,,,,,,,,,,,,,,,,,,,,,,,,,,,,,,,,,,,,,,,,,,,,,,,,,,,,,,,,,,,,,,,,,,,,,,,544128,548934,550669,552213,553437,554350,555076,555566,555902,555821,555291,554620,553816,552870,551684,550408,549170,547772,546419,544916,543403,541798,540187,538328,536620,534984,533108
MMR,Myanmar,SP.POP.TOTL,"Population, total",0,,,,,,,,,,,,,,,,,,,,,,,,,,,,,,,,,,,,,,,,,,,,,,,,,,,,,,,,,,,,,,,,,,,,,,,,,,,54500091,54850648,55184819,55502482,55802774,56085140,56351031,56601628,56836046,57054544,57257179,57444464,57616149,57773908,57919863,58052177,58169858,58274270,58365923,58443282,58506404,58558172,58596768,58620769,58632726,58633122,58623232
MMR,Myanmar,SP.RUR.TOTL,Rural population,0,,,,,,,,,,,,,,,,,,,,,,,,,,,,,,,,,,,,,,,,,,,,,,,,,,,,,,,,,,,,,,,,,,,,,,,,,,,37904863,38075295,38222744,38347189,38448099,38525189,38579571,38612184,38622569,38611072,38577919,38523658,38448342,38353320,38240230,38108094,37956526,37786701,37599232,37393428,37169650,36930053,36673807,36400371,36111695,35808421,35491672
MMR,Myanmar,SP.URB.TOTL,Urban population,0,,,,,,,,,,,,,,,,,,,,,,,,,,,,,,,,,,,,,,,,,,,,,,,,,,,,,,,,,,,,,,,,,,,,,,,,,,,16595228,16775353,16962075,17155293,17354675,17559951,17771460,17989444,18213477,18443472,18679260,18920806,19167807,19420588,19679633,19944083,20213332,20487569,20766691,21049854,21336754,21628119,21922961,22220398,22521031,22824701,23131560
MNE,Montenegro,SP.POP.TOTL,"Population, total",0,,,,,,,,,,,,,,,,,,,,,,,,,,,,,,,,,,,,,,,,,,,,,,,,,,,,,,,,,,,,,,,,,,,,,,,,,,,623525,613970,610662,607438,604127,600713,597230,593645,589944,586160,582291,578343,574333,570287,566206,562117,558057,553962,549930,545817,541750,537674,533610,529458,525405,521281,517172
MNE,Montenegro,SP.RUR.TOTL,Rural population,0,,,,,,,,,,,,,,,,,,,,,,,,,,,,,,,,,,,,,,,,,,,,,,,,,,,,,,,,,,,,,,,,,,,,,,,,,,,214853,211153,209628,208152,206667,205167,203663,202144,200605,199057,197499,195932,194362,192798,191239,189694,188176,186662,185184,183695,182236,180788,179359,177913,176515,175105,173712
MNE,Montenegro,SP.URB.TOTL,Urban population,0,,,,,,,,,,,,,,,,,,,,,,,,,,,,,,,,,,,,,,,,,,,,,,,,,,,,,,,,,,,,,,,,,,,,,,,,,,,408672,402817,401034,399286,397460,395546,393567,391501,389339,387103,384792,382411,379971,377489,374967,372423,369881,367300,364746,362122,359514,356886,354251,351545,348890,346176,343460
MNG,Mongolia,SP.POP.TOTL,"Population, total",0,,,,,,,,,,,,,,,,,,,,,,,,,,,,,,,,,,,,,,,,,,,,,,,,,,,,,,,,,,,,,,,,,,,,,,,,,,,3524788,3566719,3606837,3646059,3684148,3721283,3758038,3794236,3830971,3868323,3906312,3944664,3983894,4024136,4064654,4106030,4147692,4189907,4232389,4274211,4315994,4357578,4397784,4437030,4474964,4511962,4547019
MNG,Mongolia,SP.RUR.TOTL,Rural population,0,,,,,,,,,,,,,,,,,,,,,,,,,,,,,,,,,,,,,,,,,,,,,,,,,,,,,,,,,,,,,,,,,,,,,,,,,,,1023718,1029174,1034275,1039297,1044183,1048994,1053900,1058857,1064176,1069880,1075975,1082389,1089265,1096639,1104313,1112448,1120889,1129712,1138841,1148030,1157450,1167058,1176543,1186019,1195394,1204769,1213876
MNG,Mongolia,SP.URB.TOTL,Urban population,0,,,,,,,,,,,,,,,,,,,,,,,,,,,,,,,,,,,,,,,,,,,,,,,,,,,,,,,,,,,,,,,,,,,,,,,,,,,2501070,2537545,2572562,2606762,2639965,2672289,2704138,2735379,2766795,2798443,2830337,2862275,2894629,2927497,2960341,2993582,3026803,3060195,3093548,3126181,3158544,3190520,3221241,3251011,3279570,3307193,3333143
MNP,Northern Mariana Islands,SP.POP.TOTL,"Population, total",0,,,,,,,,,,,,,,,,,,,,,,,,,,,,,,,,,,,,,,,,,,,,,,,,,,,,,,,,,,,,,,,,,,,,,,,,,,,44278,43541,42914,42475,42190,41959,41785,41677,41600,41547,41554,41617,41721,41831,41934,42057,42175,42295,42408,42486,42563,42643,42700,42733,42740,42761,42764
MNP,Northern Mariana Islands,SP.RUR.TOTL,Rural population,0,,,,,,,,,,,,,,,,,,,,,,,,,,,,,,,,,,,,,,,,,,,,,,,,,,,,,,,,,,,,,,,,,,,,,,,,,,,3509,3406,3313,3233,3165,3101,3040,2984,2928,2874,2822,2774,2726,2678,2627,2577,2525,2471,2416,2357,2296,2234,2170,2103,2033,1963,1891
MNP,Northern Mariana Islands,SP.URB.TOTL,Urban population,0,,,,,,,,,,,,,,,,,,,,,,,,,,,,,,,,,,,,,,,,,,,,,,,,,,,,,,,,,,,,,,,,,,,,,,,,,,,40769,40135,39601,39242,39025,38858,38745,38693,38672,38673,38732,38843,38995,39153,39307,39480,39650,39824,39992,40129,40267,40409,40530,40630,40707,40798,40873
MOZ,Mozambique,SP.POP.TOTL,"Population, total",0,,,,,,,,,,,,,,,,,,,,,,,,,,,,,,,,,,,,,,,,,,,,,,,,,,,,,,,,,,,,,,,,,,,,,,,,,,,34631766,35631653,36639851,37668658,38714099,39774944,40846755,41931257,43032893,44144535,45273526,46411774,47548670,48684556,49822037,50971125,52124215,53271002,54423406,55574712,56716584,57851793,58981108,60117595,61254584,62397014,63530952
MOZ,Mozambique,SP.RUR.TOTL,Rural population,0,,,,,,,,,,,,,,,,,,,,,,,,,,,,,,,,,,,,,,,,,,,,,,,,,,,,,,,,,,,,,,,,,,,,,,,,,,,22014294,22373901,22702775,23004090,23346594,23687179,24020699,24348819,24674613,24994541,25313423,25627418,25931603,26227306,26517107,26807475,27095536,27377282,27660301,27942600,28221590,28500375,28781074,29071788,29370990,29682848,30002677
MOZ,Mozambique,SP.URB.TOTL,Urban population,0,,,,,,,,,,,,,,,,,,,,,,,,,,,,,,,,,,,,,,,,,,,,,,,,,,,,,,,,,,,,,,,,,,,,,,,,,,,12617472,13257752,13937076,14664568,15367505,16087765,16826056,17582438,18358280,19149994,19960103,20784356,21617067,22457250,23304930,24163650,25028679,25893720,26763105,27632112,28494994,29351418,30200034,31045807,31883594,32714166,33528275
MRT,Mauritania,SP.POP.TOTL,"Population, total",0,,,,,,,,,,,,,,,,,,,,,,,,,,,,,,,,,,,,,,,,,,,,,,,,,,,,,,,,,,,,,,,,,,,,,,,,,,,5169395,5315065,5461319,5608791,5757957,5909197,6062528,6217789,6374846,6533841,6694450,6856319,7019234,7183119,7348364,7514742,7681908,7850223,8020484,8192549,8365182,8538531,8713260,8888481,9064219,9240178,9415598
MRT,Mauritania,SP.RUR.TOTL,Rural population,0,,,,,,,,,,,,,,,,,,,,,,,,,,,,,,,,,,,,,,,,,,,,,,,,,,,,,,,,,,,,,,,,,,,,,,,,,,,2036387,2046894,2055695,2063120,2069432,2074849,2079462,2083311,2086458,2089066,2091158,2092766,2093986,2094964,2095994,2097194,2098666,2100718,2103774,2108008,2113335,2120042,2128553,2138914,2151413,2166270,2183610
MRT,Mauritania,SP.URB.TOTL,Urban population,0,,,,,,,,,,,,,,,,,,,,,,,,,,,,,,,,,,,,,,,,,,,,,,,,,,,,,,,,,,,,,,,,,,,,,,,,,,,3133008,3268171,3405624,3545671,3688525,3834348,3983066,4134478,4288388,4444775,4603292,4763553,4925248,5088155,5252370,5417548,5583242,5749505,5916710,6084541,6251847,6418489,6584707,6749567,6912806,7073908,7231988
MUS,Mauritius,SP.POP.TOTL,"Population, total",0,,,,,,,,,,,,,,,,,,,,,,,,,,,,,,,,,,,,,,,,,,,,,,,,,,,,,,,,,,,,,,,,,,,,,,,,,,,1245779,1243370,1240727,1237950,1235026,1231947,1228857,1225392,1221633,1217521,1213104,1208338,1203263,1197910,1192257,1186174,1179759,1173014,1165992,1158554,1150907,1142895,1134655,1126155,1117458,1108601,1099654
MUS,Mauritius,SP.RUR.TOTL,Rural population,0,,,,,,,,,,,,,,,,,,,,,,,,,,,,,,,,,,,,,,,,,,,,,,,,,,,,,,,,,,,,,,,,,,,,,,,,,,,759723,757996,756018,753849,751477,748896,746192,743140,739790,736104,732111,727782,723143,718211,712974,707353,701409,695145,688592,681670,674504,667004,659252,651233,642985,634533,625918
MUS,Mauritius,SP.URB.TOTL,Urban population,0,,,,,,,,,,,,,,,,,,,,,,,,,,,,,,,,,,,,,,,,,,,,,,,,,,,,,,,,,,,,,,,,,,,,,,,,,,,486056,485374,484709,484101,483549,483051,482665,482252,481843,481417,480993,480556,480120,479699,479283,478821,478350,477869,477400,476884,476403,475891,475403,474922,474473,474068,473736
MWI,Malawi,SP.POP.TOTL,"Population, total",0,,,,,,,,,,,,,,,,,,,,,,,,,,,,,,,,,,,,,,,,,,,,,,,,,,,,,,,,,,,,,,,,,,,,,,,,,,,21655286,22216120,22785535,23366188,23954450,24553502,25160287,25763535,26366761,26978421,27595298,28213795,28835600,29462510,30081752,30691587,31302098,31911246,32517507,33122491,33736528,34350954,34959611,35567993,36165760,36761003,37361683
MWI,Malawi,SP.RUR.TOTL,Rural population,0,,,,,,,,,,,,,,,,,,,,,,,,,,,,,,,,,,,,,,,,,,,,,,,,,,,,,,,,,,,,,,,,,,,,,,,,,,,17915742,18307197,18694661,19079776,19459029,19834463,20203048,20555259,20893526,21224108,21543957,21849812,22142566,22423161,22681508,22916136,23134389,23334458,23514981,23676904,23827292,23959612,24069370,24160224,24225039,24269261,24297971
MWI,Malawi,SP.URB.TOTL,Urban population,0,,,,,,,,,,,,,,,,,,,,,,,,,,,,,,,,,,,,,,,,,,,,,,,,,,,,,,,,,,,,,,,,,,,,,,,,,,,3739544,3908923,4090874,4286412,4495421,4719039,4957239,5208276,5473235,5754313,6051341,6363983,6693034,7039349,7400244,7775451,8167709,8576788,9002526,9445587,9909236,10391342,10890241,11407769,11940721,12491742,13063712
MYS,Malaysia,SP.POP.TOTL,"Population, total",0,,,,,,,,,,,,,,,,,,,,,,,,,,,,,,,,,,,,,,,,,,,,,,,,,,,,,,,,,,,,,,,,,,,,,,,,,,,35557673,35977838,36385115,36785087,37182770,37574288,37961719,38347785,38728384,39097874,39457845,39814825,40166898,40512281,40853312,41185886,41509644,41828592,42144466,42455953,42754137,43038204,43313749,43580459,43831577,44065539,44289772
MYS,Malaysia,SP.RUR.TOTL,Rural population,0,,,,,,,,,,,,,,,,,,,,,,,,,,,,,,,,,,,,,,,,,,,,,,,,,,,,,,,,,,,,,,,,,,,,,,,,,,,8207767,8132833,8049438,7958893,7862282,7758752,7648728,7532720,7409877,7279145,7140895,6996336,6845100,6686884,6522080,6350036,6170750,5984854,5792576,5593709,5387114,5172834,4951671,4723653,4488162,4245245,3995802
MYS,Malaysia,SP.URB.TOTL,Urban population,0,,,,,,,,,,,,,,,,,,,,,,,,,,,,,,,,,,,,,,,,,,,,,,,,,,,,,,,,,,,,,,,,,,,,,,,,,,,27349906,27845005,28335677,28826194,29320488,29815536,30312991,30815065,31318507,31818729,32316950,32818489,33321798,33825397,34331232,34835850,35338894,35843738,36351890,36862244,37367023,37865370,38362078,38856806,39343415,39820294,40293970
NAM,Namibia,SP.POP.TOTL,"Population, total",0,,,,,,,,,,,,,,,,,,,,,,,,,,,,,,,,,,,,,,,,,,,,,,,,,,,,,,,,,,,,,,,,,,,,,,,,,,,3030131,3092816,3153246,3212905,3272163,3330805,3389958,3449496,3508237,3565341,3621821,3678880,3735930,3792796,3850301,3907180,3962405,4017678,4073357,4129570,4186104,4243350,4299961,4355498,4409449,4460502,4512301
NAM,Namibia,SP.RUR.TOTL,Rural population,0,,,,,,,,,,,,,,,,,,,,,,,,,,,,,,,,,,,,,,,,,,,,,,,,,,,,,,,,,,,,,,,,,,,,,,,,,,,1502678,1519603,1535004,1549633,1563703,1577144,1590521,1603798,1616457,1628154,1639403,1650784,1662063,1673200,1684594,1695729,1706208,1716816,1727746,1739090,1750801,1763082,1775420,1787687,1799732,1811081,1823279
NAM,Namibia,SP.URB.TOTL,Urban population,0,,,,,,,,,,,,,,,,,,,,,,,,,,,,,,,,,,,,,,,,,,,,,,,,,,,,,,,,,,,,,,,,,,,,,,,,,,,1527453,1573213,1618242,1663272,1708460,1753661,1799437,1845698,1891780,1937187,1982418,2028096,2073867,2119596,2165707,2211451,2256197,2300862,2345611,2390480,2435303,2480268,2524541,2567811,2609717,2649421,2689022
NCL,New Caledonia,SP.POP.TOTL,"Population, total",0,,,,,,,,,,,,,,,,,,,,,,,,,,,,,,,,,,,,,,,,,,,,,,,,,,,,,,,,,,,,,,,,,,,,,,,,,,,292639,295333,297892,300368,302839,305253,307577,309838,312048,314190,316247,318240,320208,322158,324051,325830,327500,329091,330707,332311,333777,335163,336483,337638,338655,339643,340580
NCL,New Caledonia,SP.RUR.TOTL,Rural population,0,,,,,,,,,,,,,,,,,,,,,,,,,,,,,,,,,,,,,,,,,,,,,,,,,,,,,,,,,,,,,,,,,,,,,,,,,,,93786,93999,94097,94096,94019,93850,93577,93209,92749,92190,91529,90771,89927,88998,87974,86838,85593,84249,82831,81329,79713,77999,76190,74265,72234,70120,67921
NCL,New Caledonia,SP.URB.TOTL,Urban population,0,,,,,,,,,,,,,,,,,,,,,,,,,,,,,,,,,,,,,,,,,,,,,,,,,,,,,,,,,,,,,,,,,,,,,,,,,,,198853,201334,203795,206272,208820,211403,214000,216629,219299,222000,224718,227469,230281,233160,236077,238992,241907,244842,247876,250982,254064,257164,260293,263373,266421,269523,272659
NER,Niger,SP.POP.TOTL,"Population, total",0,,,,,,,,,,,,,,,,,,,,,,,,,,,,,,,,,,,,,,,,,,,,,,,,,,,,,,,,,,,,,,,,,,,,,,,,,,,27032412,27917831,28814878,29723696,30643563,31575094,32518075,33469618,34428639,35397037,36372385,37353463,38340145,39330376,40323471,41318412,42316740,43319238,44326122,45337255,46353162,47374117,48398001,49423857,50452204,51482566,52513876
NER,Niger,SP.RUR.TOTL,Rural population,0,,,,,,,,,,,,,,,,,,,,,,,,,,,,,,,,,,,,,,,,,,,,,,,,,,,,,,,,,,,,,,,,,,,,,,,,,,,22153132,22788189,23419758,24047248,24669363,25285883,25895912,26496437,27085914,27665153,28231567,28783551,29320369,29839828,30340820,30822016,31284012,31726817,32150014,32552933,32935385,33296996,33635725,33950406,34240914,34506449,34745863
NER,Niger,SP.URB.TOTL,Urban population,0,,,,,,,,,,,,,,,,,,,,,,,,,,,,,,,,,,,,,,,,,,,,,,,,,,,,,,,,,,,,,,,,,,,,,,,,,,,4879280,5129642,5395120,5676448,5974200,6289211,6622163,6973181,7342725,7731884,8140818,8569912,9019776,9490548,9982651,10496396,11032728,11592421,12176108,12784322,13417777,14077121,14762276,15473451,16211290,16976117,17768013
NGA,Nigeria,SP.POP.TOTL,"Population, total",0,,,,,,,,,,,,,,,,,,,,,,,,,,,,,,,,,,,,,,,,,,,,,,,,,,,,,,,,,,,,,,,,,,,,,,,,,,,232679478,237527782,242431832,247374263,252346128,257352638,262380970,267421074,272483642,277555115,282622397,287685763,292739396,297773244,302782358,307764756,312710416,317607244,322450309,327243939,331983358,336662502,341281763,345844009,350347769,354792425,359185556
NGA,Nigeria,SP.RUR.TOTL,Rural population,0,,,,,,,,,,,,,,,,,,,,,,,,,,,,,,,,,,,,,,,,,,,,,,,,,,,,,,,,,,,,,,,,,,,,,,,,,,,86148256,86043446,85883399,85660973,85372436,85019024,84595998,84099907,83533980,82893872,82175807,81380208,80505817,79550433,78513498,77395354,76194453,74909069,73539490,72088196,70555597,68941987,67249120,65479204,63633569,61713740,59722603
NGA,Nigeria,SP.URB.TOTL,Urban population,0,,,,,,,,,,,,,,,,,,,,,,,,,,,,,,,,,,,,,,,,,,,,,,,,,,,,,,,,,,,,,,,,,,,,,,,,,,,146531222,151484336,156548433,161713290,166973692,172333614,177784972,183321167,188949662,194661243,200446590,206305555,212233579,218222811,224268860,230369402,236515963,242698175,248910819,255155743,261427761,267720515,274032643,280364805,286714200,293078685,299462953
NIC,Nicaragua,SP.POP.TOTL,"Population, total",0,,,,,,,,,,,,,,,,,,,,,,,,,,,,,,,,,,,,,,,,,,,,,,,,,,,,,,,,,,,,,,,,,,,,,,,,,,,6916140,7007502,7097329,7185722,7272686,7358005,7441603,7523767,7604395,7683393,7760891,7836703,7910787,7983288,8054135,8122957,8189914,8255157,8318520,8380006,8439716,8497615,8553411,8607278,8659284,8708924,8756430
NIC,Nicaragua,SP.RUR.TOTL,Rural population,0,,,,,,,,,,,,,,,,,,,,,,,,,,,,,,,,,,,,,,,,,,,,,,,,,,,,,,,,,,,,,,,,,,,,,,,,,,,2817439,2841991,2864752,2885722,2904860,2922041,2937193,2950393,2961559,2970616,2977577,2982332,2984829,2985088,2983047,2978535,2971581,2962210,2950332,2935920,2918984,2899485,2877299,2852466,2824986,2794678,2761606
NIC,Nicaragua,SP.URB.TOTL,Urban population,0,,,,,,,,,,,,,,,,,,,,,,,,,,,,,,,,,,,,,,,,,,,,,,,,,,,,,,,,,,,,,,,,,,,,,,,,,,,4098701,4165511,4232577,4300000,4367826,4435964,4504410,4573374,4642836,4712777,4783314,4854371,4925958,4998200,5071088,5144422,5218333,5292947,5368188,5444086,5520732,5598130,5676112,5754812,5834298,5914246,5994824
NLD,Netherlands,SP.POP.TOTL,"Population, total",0,,,,,,,,,,,,,,,,,,,,,,,,,,,,,,,,,,,,,,,,,,,,,,,,,,,,,,,,,,,,,,,,,,,,,,,,,,,17993485,18095592,18180244,18254362,18321868,18380940,18432156,18477076,18516542,18553234,18582346,18608070,18631678,18649256,18663830,18673398,18679362,18680104,18676888,18670752,18659980,18647366,18634696,18616262,18597296,18576168,18554832
NLD,Netherlands,SP.RUR.TOTL,Rural population,0,,,,,,,,,,,,,,,,,,,,,,,,,,,,,,,,,,,,,,,,,,,,,,,,,,,,,,,,,,,,,,,,,,,,,,,,,,,784579,734936,687303,642020,599243,558902,521006,485574,452589,422061,393823,367906,344263,322746,303333,285911,270421,256753,244839,234601,225922,218743,212986,208486,205202,203013,201896
NLD,Netherlands,SP.URB.TOTL,Urban population,0,,,,,,,,,,,,,,,,,,,,,,,,,,,,,,,,,,,,,,,,,,,,,,,,,,,,,,,,,,,,,,,,,,,,,,,,,,,17208906,17360656,17492941,17612342,17722625,17822038,17911150,17991502,18063953,18131173,18188523,18240164,18287415,18326510,18360497,18387487,18408941,18423351,18432049,18436151,18434058,18428623,18421710,18407776,18392094,18373155,18352936
NOR,Norway,SP.POP.TOTL,"Population, total",0,,,,,,,,,,,,,,,,,,,,,,,,,,,,,,,,,,,,,,,,,,,,,,,,,,,,,,,,,,,,,,,,,,,,,,,,,,,5572279,5609051,5627029,5644320,5660188,5674934,5688965,5702479,5715058,5726925,5738110,5748823,5759426,5769461,5779175,5788092,5795898,5803716,5810492,5816044,5821184,5826204,5829724,5832454,5834851,5835623,5835270
NOR,Norway,SP.RUR.TOTL,Rural population,0,,,,,,,,,,,,,,,,,,,,,,,,,,,,,,,,,,,,,,,,,,,,,,,,,,,,,,,,,,,,,,,,,,,,,,,,,,,928934,921535,910644,899279,887320,874817,861834,848399,834446,820009,805091,789719,773939,757685,740987,723780,706029,687868,669172,649922,630213,610074,589360,568151,546492,524265,501526
NOR,Norway,SP.URB.TOTL,Urban population,0,,,,,,,,,,,,,,,,,,,,,,,,,,,,,,,,,,,,,,,,,,,,,,,,,,,,,,,,,,,,,,,,,,,,,,,,,,,4643345,4687516,4716385,4745041,4772868,4800117,4827131,4854080,4880612,4906916,4933019,4959104,4985487,5011776,5038188,5064312,5089869,5115848,5141320,5166122,5190971,5216130,5240364,5264303,5288359,5311358,5333744
NPL,Nepal,SP.POP.TOTL,"Population, total",0,,,,,,,,,,,,,,,,,,,,,,,,,,,,,,,,,,,,,,,,,,,,,,,,,,,,,,,,,,,,,,,,,,,,,,,,,,,29651054,29618118,29629410,29727162,29947585,30232112,30509996,30780917,31045414,31304031,31555066,31798004,32033716,32262283,32484802,32700692,32909537,33112259,33309059,33499438,33683328,33861060,34032995,34197259,34352079,34500202,34642027
NPL,Nepal,SP.RUR.TOTL,Rural population,0,,,,,,,,,,,,,,,,,,,,,,,,,,,,,,,,,,,,,,,,,,,,,,,,,,,,,,,,,,,,,,,,,,,,,,,,,,,9852350,9774149,9711240,9677135,9683039,9709414,9733364,9754920,9774391,9792080,9807592,9820909,9832448,9842372,9851156,9858761,9865199,9870885,9876014,9880572,9884676,9888557,9892453,9895952,9898680,9901566,9904867
NPL,Nepal,SP.URB.TOTL,Urban population,0,,,,,,,,,,,,,,,,,,,,,,,,,,,,,,,,,,,,,,,,,,,,,,,,,,,,,,,,,,,,,,,,,,,,,,,,,,,19798704,19843969,19918170,20050027,20264546,20522698,20776632,21025997,21271023,21511951,21747474,21977095,22201268,22419911,22633646,22841931,23044338,23241374,23433045,23618866,23798652,23972503,24140542,24301307,24453399,24598636,24737160
NRU,Nauru,SP.POP.TOTL,"Population, total",0,,,,,,,,,,,,,,,,,,,,,,,,,,,,,,,,,,,,,,,,,,,,,,,,,,,,,,,,,,,,,,,,,,,,,,,,,,,11947,12025,12101,12194,12296,12402,12521,12648,12781,12922,13072,13233,13392,13545,13701,13863,14039,14222,14404,14581,14755,14928,15100,15273,15438,15601,15758
NRU,Nauru,SP.RUR.TOTL,Rural population,0,,,,,,,,,,,,,,,,,,,,,,,,,,,,,,,,,,,,,,,,,,,,,,,,,,,,,,,,,,,,,,,,,,,,,,,,,,,0,0,0,0,0,0,0,0,0,0,0,0,0,0,0,0,0,0,0,0,0,0,0,0,0,0,0
NRU,Nauru,SP.URB.TOTL,Urban population,0,,,,,,,,,,,,,,,,,,,,,,,,,,,,,,,,,,,,,,,,,,,,,,,,,,,,,,,,,,,,,,,,,,,,,,,,,,,11947,12025,12101,12194,12296,12402,12521,12648,12781,12922,13072,13233,13392,13545,13701,13863,14039,14222,14404,14581,14755,14928,15100,15273,15438,15601,15758
NZL,New Zealand,SP.POP.TOTL,"Population, total",0,,,,,,,,,,,,,,,,,,,,,,,,,,,,,,,,,,,,,,,,,,,,,,,,,,,,,,,,,,,,,,,,,,,,,,,,,,,5287500,5322803,5355784,5386445,5414453,5440769,5464874,5488096,5509332,5530414,5549605,5568955,5587516,5605717,5624293,5641699,5658654,5676446,5693046,5707928,5721520,5734436,5745694,5756229,5766900,5775614,5787016
NZL,New Zealand,SP.RUR.TOTL,Rural population,0,,,,,,,,,,,,,,,,,,,,,,,,,,,,,,,,,,,,,,,,,,,,,,,,,,,,,,,,,,,,,,,,,,,,,,,,,,,849328,851763,852969,852849,851253,848238,843625,837521,829661,820223,808847,795734,780644,763533,744393,722912,699083,672952,644164,612571,578132,540819,500449,457023,410511,360667,307701
NZL,New Zealand,SP.URB.TOTL,Urban population,0,,,,,,,,,,,,,,,,,,,,,,,,,,,,,,,,,,,,,,,,,,,,,,,,,,,,,,,,,,,,,,,,,,,,,,,,,,,4438172,4471040,4502815,4533596,4563200,4592531,4621249,4650575,4679671,4710191,4740758,4773221,4806872,4842184,4879900,4918787,4959571,5003494,5048882,5095357,5143388,5193617,5245245,5299206,5356389,5414947,5479315
OMN,Oman,SP.POP.TOTL,"Population, total",0,,,,,,,,,,,,,,,,,,,,,,,,,,,,,,,,,,,,,,,,,,,,,,,,,,,,,,,,,,,,,,,,,,,,,,,,,,,5281538,5494691,5671458,5814722,5929317,6026177,6112706,6194367,6275473,6356251,6436927,6517803,6599108,6681044,6763779,6847378,6931974,7017688,7104479,7192222,7280851,7370225,7460275,7550980,7642330,7734350,7827002
OMN,Oman,SP.RUR.TOTL,Rural population,0,,,,,,,,,,,,,,,,,,,,,,,,,,,,,,,,,,,,,,,,,,,,,,,,,,,,,,,,,,,,,,,,,,,,,,,,,,,1085671,1127613,1159752,1182609,1197024,1205101,1208212,1207308,1203074,1195372,1184058,1168995,1150021,1126964,1099631,1067807,1031276,989811,943150,891016,833134,769217,698983,622149,538429,447529,349150
OMN,Oman,SP.URB.TOTL,Urban population,0,,,,,,,,,,,,,,,,,,,,,,,,,,,,,,,,,,,,,,,,,,,,,,,,,,,,,,,,,,,,,,,,,,,,,,,,,,,4195867,4367078,4511706,4632113,4732293,4821076,4904494,4987059,5072399,5160879,5252869,5348808,5449087,5554080,5664148,5779571,5900698,6027877,6161329,6301206,6447717,6601008,6761292,6928831,7103901,7286821,7477852
PAK,Pakistan,SP.POP.TOTL,"Population, total",0,,,,,,,,,,,,,,,,,,,,,,,,,,,,,,,,,,,,,,,,,,,,,,,,,,,,,,,,,,,,,,,,,,,,,,,,,,,251269164,255219554,259299791,263515826,267881916,272337519,276883255,281528067,286241139,291012262,295820151,300643508,305491493,310353289,315227700,320105878,324937697,329746464,334551869,339334851,344095461,348837726,353552856,358207155,362796531,367344425,371863793
PAK,Pakistan,SP.RUR.TOTL,Rural population,0,,,,,,,,,,,,,,,,,,,,,,,,,,,,,,,,,,,,,,,,,,,,,,,,,,,,,,,,,,,,,,,,,,,,,,,,,,,152838397,154342491,155902485,157521377,159207075,160923146,162669976,164452853,166253914,168067655,169882403,171686801,173487106,175278225,177060645,178830639,180561688,182268497,183963533,185637877,187293260,188933598,190555887,192143883,193697516,195231401,196754396
PAK,Pakistan,SP.URB.TOTL,Urban population,0,,,,,,,,,,,,,,,,,,,,,,,,,,,,,,,,,,,,,,,,,,,,,,,,,,,,,,,,,,,,,,,,,,,,,,,,,,,98430767,100877063,103397306,105994449,108674841,111414373,114213279,117075214,119987225,122944607,125937748,128956707,132004387,135075064,138167055,141275239,144376009,147477967,150588336,153696974,156802201,159904128,162996969,166063272,169099015,172113024,175109397
PAN,Panama,SP.POP.TOTL,"Population, total",0,,,,,,,,,,,,,,,,,,,,,,,,,,,,,,,,,,,,,,,,,,,,,,,,,,,,,,,,,,,,,,,,,,,,,,,,,,,4515577,4571189,4625718,4679242,4731816,4783372,4833859,4883386,4932075,4979807,5026497,5072263,5117126,5161086,5204060,5245901,5286592,5326182,5364663,5402030,5438260,5473276,5507141,5539866,5571398,5601667,5630680
PAN,Panama,SP.RUR.TOTL,Rural population,0,,,,,,,,,,,,,,,,,,,,,,,,,,,,,,,,,,,,,,,,,,,,,,,,,,,,,,,,,,,,,,,,,,,,,,,,,,,1535484,1547343,1557316,1565416,1571654,1575999,1578432,1578988,1577708,1574559,1569521,1562642,1553939,1543427,1531099,1516931,1500944,1483179,1463662,1442424,1419492,1394883,1368652,1340842,1311484,1280608,1248249
PAN,Panama,SP.URB.TOTL,Urban population,0,,,,,,,,,,,,,,,,,,,,,,,,,,,,,,,,,,,,,,,,,,,,,,,,,,,,,,,,,,,,,,,,,,,,,,,,,,,2980093,3023846,3068402,3113826,3160162,3207373,3255427,3304398,3354367,3405248,3456976,3509621,3563187,3617659,3672961,3728970,3785648,3843003,3901001,3959606,4018768,4078393,4138489,4199024,4259914,4321059,4382431
PER,Peru,SP.POP.TOTL,"Population, total",0,,,,,,,,,,,,,,,,,,,,,,,,,,,,,,,,,,,,,,,,,,,,,,,,,,,,,,,,,,,,,,,,,,,,,,,,,,,34217848,34576665,34922148,35255685,35578288,35890709,36193880,36488441,36774945,37054376,37326806,37591425,37848158,38096897,38337332,38569891,38794649,39011543,39220380,39420651,39612850,39796724,39971719,40137878,40294855,40443281,40583876
PER,Peru,SP.RUR.TOTL,Rural population,0,,,,,,,,,,,,,,,,,,,,,,,,,,,,,,,,,,,,,,,,,,,,,,,,,,,,,,,,,,,,,,,,,,,,,,,,,,,5067228,4980302,4890671,4799008,4705921,4611974,4517746,4423771,4330567,4238698,4148618,4060685,3975349,3893058,3814243,3739408,3669021,3603534,3543388,3488992,3440846,3399377,3364984,3338111,3319157,3308569,3307264
PER,Peru,SP.URB.TOTL,Urban population,0,,,,,,,,,,,,,,,,,,,,,,,,,,,,,,,,,,,,,,,,,,,,,,,,,,,,,,,,,,,,,,,,,,,,,,,,,,,29150620,29596363,30031477,30456677,30872367,31278735,31676134,32064670,32444378,32815678,33178188,33530740,33872809,34203839,34523089,34830483,35125628,35408009,35676992,35931659,36172004,36397347,36606735,36799767,36975698,37134712,37276612
PHL,Philippines,SP.POP.TOTL,"Population, total",0,,,,,,,,,,,,,,,,,,,,,,,,,,,,,,,,,,,,,,,,,,,,,,,,,,,,,,,,,,,,,,,,,,,,,,,,,,,115843670,116786962,117724471,118656413,119583981,120502129,121408895,122301597,123180330,124049029,124904114,125740971,126558226,127352596,128118527,128850041,129546659,130209802,130836996,131427393,131979663,132492032,132962000,133385286,133759430,134089000,134373439
PHL,Philippines,SP.RUR.TOTL,Rural population,0,,,,,,,,,,,,,,,,,,,,,,,,,,,,,,,,,,,,,,,,,,,,,,,,,,,,,,,,,,,,,,,,,,,,,,,,,,,51605924,51651030,51695846,51741223,51788443,51836107,51884202,51932440,51981746,52034659,52090551,52148410,52208605,52270733,52333493,52395444,52457410,52520963,52586091,52653425,52723389,52796214,52871822,52949408,53028866,53113018,53201653
PHL,Philippines,SP.URB.TOTL,Urban population,0,,,,,,,,,,,,,,,,,,,,,,,,,,,,,,,,,,,,,,,,,,,,,,,,,,,,,,,,,,,,,,,,,,,,,,,,,,,64237746,65135932,66028625,66915190,67795538,68666022,69524693,70369157,71198584,72014370,72813563,73592561,74349621,75081863,75785034,76454597,77089249,77688839,78250905,78773968,79256274,79695818,80090178,80435878,80730564,80975982,81171786
PLW,Palau,SP.POP.TOTL,"Population, total",0,,,,,,,,,,,,,,,,,,,,,,,,,,,,,,,,,,,,,,,,,,,,,,,,,,,,,,,,,,,,,,,,,,,,,,,,,,,17695,17663,17614,17564,17504,17439,17376,17302,17232,17166,17092,17015,16942,16862,16778,16691,16602,16509,16404,16304,16200,16089,15979,15866,15751,15633,15518
PLW,Palau,SP.RUR.TOTL,Rural population,0,,,,,,,,,,,,,,,,,,,,,,,,,,,,,,,,,,,,,,,,,,,,,,,,,,,,,,,,,,,,,,,,,,,,,,,,,,,3679,3659,3633,3602,3567,3526,3482,3431,3378,3320,3257,3188,3116,3037,2953,2863,2768,2667,2558,2446,2327,2202,2072,1937,1795,1648,1496
PLW,Palau,SP.URB.TOTL,Urban population,0,,,,,,,,,,,,,,,,,,,,,,,,,,,,,,,,,,,,,,,,,,,,,,,,,,,,,,,,,,,,,,,,,,,,,,,,,,,14016,14004,13981,13962,13937,13913,13894,13871,13854,13846,13835,13827,13826,13825,13825,13828,13834,13842,13846,13858,13873,13887,13907,13929,13956,13985,14022
PNG,Papua New Guinea,SP.POP.TOTL,"Population, total",0,,,,,,,,,,,,,,,,,,,,,,,,,,,,,,,,,,,,,,,,,,,,,,,,,,,,,,,,,,,,,,,,,,,,,,,,,,,10576502,10762817,10947848,11131272,11312894,11492803,11671424,11848221,12023128,12196647,12369256,12540603,12710683,12879740,13047123,13212670,13376160,13537371,13696147,13853418,14009933,14165588,14318892,14469221,14617371,14763603,14906590
PNG,Papua New Guinea,SP.RUR.TOTL,Rural population,0,,,,,,,,,,,,,,,,,,,,,,,,,,,,,,,,,,,,,,,,,,,,,,,,,,,,,,,,,,,,,,,,,,,,,,,,,,,8947067,9064472,9176658,9283272,9384076,9479078,9568561,9652024,9729363,9800934,9867069,9927435,9981986,10030871,10073549,10109871,10139655,10162729,10178980,10189107,10193648,10192512,10184623,10169573,10147962,10120002,10084827
PNG,Papua New Guinea,SP.URB.TOTL,Urban population,0,,,,,,,,,,,,,,,,,,,,,,,,,,,,,,,,,,,,,,,,,,,,,,,,,,,,,,,,,,,,,,,,,,,,,,,,,,,1629435,1698345,1771190,1848000,1928818,2013725,2102863,2196197,2293765,2395713,2502187,2613168,2728697,2848869,2973574,3102799,3236505,3374642,3517167,3664311,3816285,3973076,4134269,4299648,4469409,4643601,4821763
POL,Poland,SP.POP.TOTL,"Population, total",0,,,,,,,,,,,,,,,,,,,,,,,,,,,,,,,,,,,,,,,,,,,,,,,,,,,,,,,,,,,,,,,,,,,,,,,,,,,36559233,36122448,35995136,35858076,35709472,35547528,35376040,35193184,35002392,34804768,34600324,34391208,34175844,33958700,33739052,33518390,33297892,33079672,32860948,32644106,32429636,32215864,32003366,31791024,31578500,31363144,31144316
POL,Poland,SP.RUR.TOTL,Rural population,0,,,,,,,,,,,,,,,,,,,,,,,,,,,,,,,,,,,,,,,,,,,,,,,,,,,,,,,,,,,,,,,,,,,,,,,,,,,14634461,14418155,14315222,14198120,14066397,13919639,13759644,13586016,13400412,13203575,12995833,12778317,12550761,12315129,12071446,11820534,11563076,11300048,11030731,10756170,10476737,10192098,9902660,9608295,9309136,9004664,8694976
POL,Poland,SP.URB.TOTL,Urban population,0,,,,,,,,,,,,,,,,,,,,,,,,,,,,,,,,,,,,,,,,,,,,,,,,,,,,,,,,,,,,,,,,,,,,,,,,,,,21924772,21704293,21679914,21659956,21643075,21627889,21616396,21607168,21601980,21601193,21604491,21612891,21625083,21643571,21667606,21697856,21734816,21779624,21830217,21887936,21952899,22023766,22100706,22182729,22269364,22358480,22449340
PRI,Puerto Rico (US),SP.POP.TOTL,"Population, total",0,,,,,,,,,,,,,,,,,,,,,,,,,,,,,,,,,,,,,,,,,,,,,,,,,,,,,,,,,,,,,,,,,,,,,,,,,,,3203295,3191033,3173878,3153712,3130738,3106598,3079297,3052543,3025143,2996754,2967561,2939010,2910235,2879747,2848067,2816314,2783742,2751193,2718386,2685298,2651587,2617394,2582132,2547493,2512620,2476663,2441731
PRI,Puerto Rico (US),SP.RUR.TOTL,Rural population,0,,,,,,,,,,,,,,,,,,,,,,,,,,,,,,,,,,,,,,,,,,,,,,,,,,,,,,,,,,,,,,,,,,,,,,,,,,,184063,180597,176567,172098,167223,162048,156488,150750,144787,138598,132209,125697,119034,112177,105166,98059,90845,83565,76223,68832,61398,53939,46459,39003,31568,24156,16802
PRI,Puerto Rico (US),SP.URB.TOTL,Urban population,0,,,,,,,,,,,,,,,,,,,,,,,,,,,,,,,,,,,,,,,,,,,,,,,,,,,,,,,,,,,,,,,,,,,,,,,,,,,3019232,3010436,2997311,2981614,2963515,2944550,2922809,2901793,2880356,2858156,2835352,2813313,2791201,2767570,2742901,2718255,2692897,2667628,2642163,2616466,2590189,2563455,2535673,2508490,2481052,2452507,2424929
PRK,"Korea, Dem. Rep.",SP.POP.TOTL,"Population, total",0,,,,,,,,,,,,,,,,,,,,,,,,,,,,,,,,,,,,,,,,,,,,,,,,,,,,,,,,,,,,,,,,,,,,,,,,,,,26498823,26571036,26633691,26686498,26729272,26762017,26784904,26797950,26801082,26795075,26780495,26757724,26727322,26689925,26646328,26596979,26542432,26483481,26420821,26354342,26284018,26210203,26132926,26052096,25967589,25879257,25787127
PRK,"Korea, Dem. Rep.",SP.RUR.TOTL,Rural population,0,,,,,,,,,,,,,,,,,,,,,,,,,,,,,,,,,,,,,,,,,,,,,,,,,,,,,,,,,,,,,,,,,,,,,,,,,,,9576946,9515145,9446777,9371801,9290218,9202107,9107608,9006811,8899785,8786882,8668382,8544500,8415507,8281693,8143389,8000812,7854205,7703873,7550083,7392862,7232265,7068456,6901505,6731454,6558343,6382208,6203138
PRK,"Korea, Dem. Rep.",SP.URB.TOTL,Urban population,0,,,,,,,,,,,,,,,,,,,,,,,,,,,,,,,,,,,,,,,,,,,,,,,,,,,,,,,,,,,,,,,,,,,,,,,,,,,16921877,17055891,17186914,17314697,17439054,17559910,17677296,17791139,17901297,18008193,18112113,18213224,18311815,18408232,18502939,18596167,18688227,18779608,18870738,18961480,19051753,19141747,19231421,19320642,19409246,19497049,19583989
PRT,Portugal,SP.POP.TOTL,"Population, total",0,,,,,,,,,,,,,,,,,,,,,,,,,,,,,,,,,,,,,,,,,,,,,,,,,,,,,,,,,,,,,,,,,,,,,,,,,,,10694681,10674409,10653484,10631194,10605463,10580639,10557245,10532272,10504987,10478015,10449666,10422050,10393732,10365931,10336737,10306041,10274446,10245267,10215088,10182372,10149584,10116039,10081464,10046793,10012787,9975393,9938750
PRT,Portugal,SP.RUR.TOTL,Rural population,0,,,,,,,,,,,,,,,,,,,,,,,,,,,,,,,,,,,,,,,,,,,,,,,,,,,,,,,,,,,,,,,,,,,,,,,,,,,4135827,4110147,4079711,4044376,4003496,3958858,3910775,3858257,3801183,3740652,3676192,3608682,3537749,3463938,3386738,3306265,3222865,3137696,3049807,2958894,2865835,2770567,2673155,2573985,2473366,2370435,2266334
PRT,Portugal,SP.URB.TOTL,Urban population,0,,,,,,,,,,,,,,,,,,,,,,,,,,,,,,,,,,,,,,,,,,,,,,,,,,,,,,,,,,,,,,,,,,,,,,,,,,,6558854,6564262,6573773,6586818,6601967,6621781,6646470,6674015,6703804,6737363,6773474,6813368,6855983,6901993,6949999,6999776,7051581,7107571,7165281,7223478,7283749,7345472,7408309,7472808,7539421,7604958,7672416
PRY,Paraguay,SP.POP.TOTL,"Population, total",0,,,,,,,,,,,,,,,,,,,,,,,,,,,,,,,,,,,,,,,,,,,,,,,,,,,,,,,,,,,,,,,,,,,,,,,,,,,6929153,7013078,7095279,7175674,7254524,7331905,7407618,7481640,7554223,7625458,7695123,7763520,7830882,7896973,7961865,8025489,8087572,8148401,8208322,8267006,8324332,8380530,8435754,8489460,8541344,8591713,8640464
PRY,Paraguay,SP.RUR.TOTL,Rural population,0,,,,,,,,,,,,,,,,,,,,,,,,,,,,,,,,,,,,,,,,,,,,,,,,,,,,,,,,,,,,,,,,,,,,,,,,,,,2088290,2076589,2063896,2050312,2036041,2021232,2005961,1990359,1974630,1958935,1943355,1928110,1913397,1899301,1885983,1873573,1862158,1851952,1843186,1835934,1830322,1826553,1824814,1825138,1827614,1832442,1839946
PRY,Paraguay,SP.URB.TOTL,Urban population,0,,,,,,,,,,,,,,,,,,,,,,,,,,,,,,,,,,,,,,,,,,,,,,,,,,,,,,,,,,,,,,,,,,,,,,,,,,,4840863,4936489,5031383,5125362,5218483,5310673,5401657,5491281,5579593,5666523,5751768,5835410,5917485,5997672,6075882,6151916,6225414,6296449,6365136,6431072,6494010,6553977,6610940,6664322,6713730,6759271,6800518
PSE,West Bank and Gaza,SP.POP.TOTL,"Population, total",0,,,,,,,,,,,,,,,,,,,,,,,,,,,,,,,,,,,,,,,,,,,,,,,,,,,,,,,,,,,,,,,,,,,,,,,,,,,5289152,5381871,5483736,5584210,5684562,5786162,5889422,5994200,6099890,6209598,6319574,6432222,6542926,6654976,6766682,6883373,6998997,7114890,7230389,7344190,7457107,7569138,7676976,7783050,7886601,7989785,8093208
PSE,West Bank and Gaza,SP.RUR.TOTL,Rural population,0,,,,,,,,,,,,,,,,,,,,,,,,,,,,,,,,,,,,,,,,,,,,,,,,,,,,,,,,,,,,,,,,,,,,,,,,,,,681264,679090,677538,675261,672417,669164,665537,661504,656987,652302,647032,641411,634967,628025,620417,612616,604058,594860,584963,574267,562844,550698,537601,523749,509105,493819,477927
PSE,West Bank and Gaza,SP.URB.TOTL,Urban population,0,,,,,,,,,,,,,,,,,,,,,,,,,,,,,,,,,,,,,,,,,,,,,,,,,,,,,,,,,,,,,,,,,,,,,,,,,,,4607888,4702781,4806198,4908949,5012145,5116998,5223885,5332696,5442903,5557296,5672542,5790811,5907959,6026951,6146265,6270757,6394939,6520030,6645426,6769923,6894263,7018440,7139375,7259301,7377496,7495966,7615281
PYF,French Polynesia,SP.POP.TOTL,"Population, total",0,,,,,,,,,,,,,,,,,,,,,,,,,,,,,,,,,,,,,,,,,,,,,,,,,,,,,,,,,,,,,,,,,,,,,,,,,,,281807,282465,283076,283671,284271,284896,285546,286152,286690,287181,287636,288067,288425,288683,288904,289086,289169,289126,288995,288777,288488,288132,287668,287108,286443,285644,284750
PYF,French Polynesia,SP.RUR.TOTL,Rural population,0,,,,,,,,,,,,,,,,,,,,,,,,,,,,,,,,,,,,,,,,,,,,,,,,,,,,,,,,,,,,,,,,,,,,,,,,,,,107878,108019,108096,108119,108098,108040,107944,107786,107555,107261,106907,106499,106019,105457,104838,104160,103404,102561,101645,100658,99607,98495,97308,96053,94728,93326,91861
PYF,French Polynesia,SP.URB.TOTL,Urban population,0,,,,,,,,,,,,,,,,,,,,,,,,,,,,,,,,,,,,,,,,,,,,,,,,,,,,,,,,,,,,,,,,,,,,,,,,,,,173929,174446,174980,175552,176173,176856,177602,178366,179135,179920,180729,181568,182406,183226,184066,184926,185765,186565,187350,188119,188881,189637,190360,191055,191715,192318,192889
QAT,Qatar,SP.POP.TOTL,"Population, total",0,,,,,,,,,,,,,,,,,,,,,,,,,,,,,,,,,,,,,,,,,,,,,,,,,,,,,,,,,,,,,,,,,,,,,,,,,,,2857822,2918488,2968544,3008660,3045513,3079202,3110328,3142448,3175502,3209581,3244604,3280505,3317393,3355224,3393985,3433604,3474059,3515308,3557345,3600102,3643561,3687707,3732431,3777763,3823757,3870323,3917517
QAT,Qatar,SP.RUR.TOTL,Rural population,0,,,,,,,,,,,,,,,,,,,,,,,,,,,,,,,,,,,,,,,,,,,,,,,,,,,,,,,,,,,,,,,,,,,,,,,,,,,19376,18698,17943,17130,16308,15481,14659,13861,13088,12341,11622,10932,10272,9645,9051,8494,7974,7494,7057,6664,6318,6022,5778,5590,5461,5394,5391
QAT,Qatar,SP.URB.TOTL,Urban population,0,,,,,,,,,,,,,,,,,,,,,,,,,,,,,,,,,,,,,,,,,,,,,,,,,,,,,,,,,,,,,,,,,,,,,,,,,,,2838446,2899790,2950601,2991530,3029205,3063721,3095669,3128587,3162414,3197240,3232982,3269573,3307121,3345579,3384934,3425110,3466085,3507814,3550288,3593438,3637243,3681685,3726653,3772173,3818296,3864929,3912126
ROU,Romania,SP.POP.TOTL,"Population, total",0,,,,,,,,,,,,,,,,,,,,,,,,,,,,,,,,,,,,,,,,,,,,,,,,,,,,,,,,,,,,,,,,,,,,,,,,,,,19051804,18948026,18844844,18740148,18632842,18521360,18407958,18291972,18174744,18055166,17934976,17812196,17688634,17565486,17441960,17321200,17202350,17084146,16970370,16858212,16746269,16635091,16522861,16406628,16287998,16166841,16044874
ROU,Romania,SP.RUR.TOTL,Rural population,0,,,,,,,,,,,,,,,,,,,,,,,,,,,,,,,,,,,,,,,,,,,,,,,,,,,,,,,,,,,,,,,,,,,,,,,,,,,9112958,9062294,9011314,8958884,8904356,8846863,8787368,8725443,8661621,8595272,8527122,8456138,8383088,8308450,8231763,8154426,8075949,7995654,7915228,7833274,7749063,7662780,7573524,7479896,7382601,7281549,7177484
ROU,Romania,SP.URB.TOTL,Urban population,0,,,,,,,,,,,,,,,,,,,,,,,,,,,,,,,,,,,,,,,,,,,,,,,,,,,,,,,,,,,,,,,,,,,,,,,,,,,9938846,9885732,9833530,9781264,9728486,9674497,9620590,9566529,9513123,9459894,9407854,9356058,9305546,9257036,9210197,9166774,9126401,9088492,9055142,9024938,8997206,8972311,8949337,8926732,8905397,8885292,8867390
RUS,Russian Federation,SP.POP.TOTL,"Population, total",0,,,,,,,,,,,,,,,,,,,,,,,,,,,,,,,,,,,,,,,,,,,,,,,,,,,,,,,,,,,,,,,,,,,,,,,,,,,143533851,142755424,142530496,142266560,141991296,141696448,141382960,141030384,140691904,140354464,140017200,139684800,139357392,139037280,138741936,138458272,138213600,137986288,137791680,137603792,137448880,137323968,137228624,137127888,137027712,136922896,136801152
RUS,Russian Federation,SP.RUR.TOTL,Rural population,0,,,,,,,,,,,,,,,,,,,,,,,,,,,,,,,,,,,,,,,,,,,,,,,,,,,,,,,,,,,,,,,,,,,,,,,,,,,35722829,35331020,35067160,34784040,34488652,34179153,33855965,33514427,33167400,32811857,32447697,32076099,31697166,31311486,30923005,30528757,30134707,29735988,29335815,28928543,28519637,28108281,27694193,27270217,26837619,26395445,25941468
RUS,Russian Federation,SP.URB.TOTL,Urban population,0,,,,,,,,,,,,,,,,,,,,,,,,,,,,,,,,,,,,,,,,,,,,,,,,,,,,,,,,,,,,,,,,,,,,,,,,,,,107811022,107424404,107463336,107482520,107502644,107517295,107526995,107515957,107524504,107542607,107569503,107608701,107660226,107725794,107818931,107929515,108078893,108250300,108455865,108675249,108929243,109215687,109534431,109857671,110190093,110527451,110859684
RWA,Rwanda,SP.POP.TOTL,"Population, total",0,,,,,,,,,,,,,,,,,,,,,,,,,,,,,,,,,,,,,,,,,,,,,,,,,,,,,,,,,,,,,,,,,,,,,,,,,,,14256567,14569341,14889693,15214327,15536461,15844658,16154705,16473108,16771822,17073475,17402254,17746319,18076776,18395846,18729788,19076787,19440770,19806175,20153985,20500835,20837083,21152658,21459156,21764589,22086122,22403893,22707910
RWA,Rwanda,SP.RUR.TOTL,Rural population,0,,,,,,,,,,,,,,,,,,,,,,,,,,,,,,,,,,,,,,,,,,,,,,,,,,,,,,,,,,,,,,,,,,,,,,,,,,,9995996,10065465,10134260,10200010,10258177,10301477,10340513,10379405,10400595,10418560,10447816,10480663,10499964,10507483,10518392,10531365,10548268,10560435,10557981,10550076,10531992,10499142,10457858,10412337,10370787,10323755,10266952
RWA,Rwanda,SP.URB.TOTL,Urban population,0,,,,,,,,,,,,,,,,,,,,,,,,,,,,,,,,,,,,,,,,,,,,,,,,,,,,,,,,,,,,,,,,,,,,,,,,,,,4260571,4503876,4755433,5014317,5278284,5543181,5814192,6093703,6371227,6654915,6954438,7265656,7576812,7888363,8211396,8545422,8892502,9245740,9596004,9950759,10305091,10653516,11001298,11352252,11715335,12080138,12440958
SAU,Saudi Arabia,SP.POP.TOTL,"Population, total",0,,,,,,,,,,,,,,,,,,,,,,,,,,,,,,,,,,,,,,,,,,,,,,,,,,,,,,,,,,,,,,,,,,,,,,,,,,,35300280,35916992,36523804,37127512,37717172,38282420,38805216,39328848,39852316,40376504,40901400,41426904,41952268,42476800,43000892,43523356,44045372,44566160,45085608,45603600,46120496,46636104,47150184,47662204,48172648,48680016,49185488
SAU,Saudi Arabia,SP.RUR.TOTL,Rural population,0,,,,,,,,,,,,,,,,,,,,,,,,,,,,,,,,,,,,,,,,,,,,,,,,,,,,,,,,,,,,,,,,,,,,,,,,,,,5487287,5526795,5563726,5599241,5631808,5660051,5681530,5702796,5723798,5744759,5765774,5786928,5808222,5829668,5851433,5873470,5896057,5919210,5943037,5967650,5993223,6019861,6047666,6076704,6107176,6139034,6172553
SAU,Saudi Arabia,SP.URB.TOTL,Urban population,0,,,,,,,,,,,,,,,,,,,,,,,,,,,,,,,,,,,,,,,,,,,,,,,,,,,,,,,,,,,,,,,,,,,,,,,,,,,29812993,30390197,30960078,31528271,32085364,32622369,33123686,33626052,34128518,34631745,35135626,35639976,36144046,36647132,37149459,37649886,38149315,38646950,39142571,39635950,40127273,40616243,41102518,41585500,42065472,42540982,43012935
SDN,Sudan,SP.POP.TOTL,"Population, total",0,,,,,,,,,,,,,,,,,,,,,,,,,,,,,,,,,,,,,,,,,,,,,,,,,,,,,,,,,,,,,,,,,,,,,,,,,,,50448963,51662147,53282719,54724217,55993834,57275440,58571616,59872938,61179480,62497204,63822357,65148317,66470015,67791240,69107709,70416626,71730599,73056220,74387560,75723663,77066455,78415203,79767268,81115239,82463196,83828354,85206383
SDN,Sudan,SP.RUR.TOTL,Rural population,0,,,,,,,,,,,,,,,,,,,,,,,,,,,,,,,,,,,,,,,,,,,,,,,,,,,,,,,,,,,,,,,,,,,,,,,,,,,32858771,33614005,34634293,35538132,36330622,37131346,37942039,38756659,39575324,40401953,41234179,42067783,42899556,43732005,44562422,45389058,46220087,47059795,47904394,48753299,49607778,50467384,51330440,52192195,53055290,53930820,54815968
SDN,Sudan,SP.URB.TOTL,Urban population,0,,,,,,,,,,,,,,,,,,,,,,,,,,,,,,,,,,,,,,,,,,,,,,,,,,,,,,,,,,,,,,,,,,,,,,,,,,,17590192,18048142,18648426,19186085,19663212,20144094,20629577,21116279,21604156,22095251,22588178,23080534,23570459,24059235,24545287,25027568,25510512,25996425,26483166,26970364,27458677,27947819,28436828,28923044,29407906,29897534,30390415
SEN,Senegal,SP.POP.TOTL,"Population, total",0,,,,,,,,,,,,,,,,,,,,,,,,,,,,,,,,,,,,,,,,,,,,,,,,,,,,,,,,,,,,,,,,,,,,,,,,,,,18501984,18931966,19366548,19807247,20254563,20706625,21163192,21623713,22085926,22548839,23012027,23476596,23942226,24407572,24872522,25335986,25797510,26257474,26716433,27174899,27632998,28089699,28546284,29002003,29457240,29911843,30364954
SEN,Senegal,SP.RUR.TOTL,Rural population,0,,,,,,,,,,,,,,,,,,,,,,,,,,,,,,,,,,,,,,,,,,,,,,,,,,,,,,,,,,,,,,,,,,,,,,,,,,,8282077,8374129,8465167,8556075,8647291,8738267,8829191,8920149,9010562,9100425,9189996,9280163,9371258,9463243,9556588,9651413,9748109,9847402,9950094,10056982,10168734,10285611,10408741,10538523,10675788,10821190,10975145
SEN,Senegal,SP.URB.TOTL,Urban population,0,,,,,,,,,,,,,,,,,,,,,,,,,,,,,,,,,,,,,,,,,,,,,,,,,,,,,,,,,,,,,,,,,,,,,,,,,,,10219907,10557837,10901381,11251172,11607272,11968358,12334001,12703564,13075364,13448414,13822031,14196433,14570968,14944329,15315934,15684573,16049401,16410072,16766339,17117917,17464264,17804088,18137543,18463480,18781452,19090653,19389809
SGP,Singapore,SP.POP.TOTL,"Population, total",0,,,,,,,,,,,,,,,,,,,,,,,,,,,,,,,,,,,,,,,,,,,,,,,,,,,,,,,,,,,,,,,,,,,,,,,,,,,6036860,6072360,6104208,6137423,6169252,6196228,6220949,6247133,6271175,6295378,6314695,6328511,6338165,6347496,6354187,6355736,6352645,6345793,6337880,6328803,6314947,6302217,6287413,6269247,6255768,6238832,6220505
SGP,Singapore,SP.RUR.TOTL,Rural population,0,,,,,,,,,,,,,,,,,,,,,,,,,,,,,,,,,,,,,,,,,,,,,,,,,,,,,,,,,,,,,,,,,,,,,,,,,,,0,0,0,0,0,0,0,0,0,0,0,0,0,0,0,0,0,0,0,0,0,0,0,0,0,0,0
SGP,Singapore,SP.URB.TOTL,Urban population,0,,,,,,,,,,,,,,,,,,,,,,,,,,,,,,,,,,,,,,,,,,,,,,,,,,,,,,,,,,,,,,,,,,,,,,,,,,,6036860,6072360,6104208,6137423,6169252,6196228,6220949,6247133,6271175,6295378,6314695,6328511,6338165,6347496,6354187,6355736,6352645,6345793,6337880,6328803,6314947,6302217,6287413,6269247,6255768,6238832,6220505
SLB,Solomon Islands,SP.POP.TOTL,"Population, total",0,,,,,,,,,,,,,,,,,,,,,,,,,,,,,,,,,,,,,,,,,,,,,,,,,,,,,,,,,,,,,,,,,,,,,,,,,,,819198,838645,858288,878103,898076,918156,938348,958621,978983,999322,1019544,1039657,1059531,1079093,1098297,1117095,1135455,1153459,1171335,1189127,1206742,1224199,1241495,1258616,1275593,1292425,1309110
SLB,Solomon Islands,SP.RUR.TOTL,Rural population,0,,,,,,,,,,,,,,,,,,,,,,,,,,,,,,,,,,,,,,,,,,,,,,,,,,,,,,,,,,,,,,,,,,,,,,,,,,,568018,576071,584054,591952,599761,607451,615029,622483,629822,636984,643917,650637,657076,663200,668998,674455,679570,684407,689116,693736,698224,702605,706890,711085,715220,719309,723364
SLB,Solomon Islands,SP.URB.TOTL,Urban population,0,,,,,,,,,,,,,,,,,,,,,,,,,,,,,,,,,,,,,,,,,,,,,,,,,,,,,,,,,,,,,,,,,,,,,,,,,,,251180,262574,274234,286151,298315,310705,323319,336138,349161,362338,375627,389020,402455,415893,429299,442640,455885,469052,482219,495391,508518,521594,534605,547531,560373,573116,585746
SLE,Sierra Leone,SP.POP.TOTL,"Population, total",0,,,,,,,,,,,,,,,,,,,,,,,,,,,,,,,,,,,,,,,,,,,,,,,,,,,,,,,,,,,,,,,,,,,,,,,,,,,8642022,8819794,8996745,9174692,9349025,9520817,9694858,9870299,10047200,10221014,10391490,10563167,10734347,10902269,11066150,11230061,11398400,11566217,11728791,11887937,12049426,12208880,12363458,12512756,12659612,12805142,12948325
SLE,Sierra Leone,SP.RUR.TOTL,Rural population,0,,,,,,,,,,,,,,,,,,,,,,,,,,,,,,,,,,,,,,,,,,,,,,,,,,,,,,,,,,,,,,,,,,,,,,,,,,,4721769,4769147,4813107,4854561,4891016,4923026,4953021,4980466,5005298,5025187,5040006,5051924,5060052,5063050,5060562,5054440,5046566,5034619,5016524,4993094,4966723,4935518,4898333,4855066,4806859,4754123,4696458
SLE,Sierra Leone,SP.URB.TOTL,Urban population,0,,,,,,,,,,,,,,,,,,,,,,,,,,,,,,,,,,,,,,,,,,,,,,,,,,,,,,,,,,,,,,,,,,,,,,,,,,,3920253,4050647,4183638,4320131,4458009,4597791,4741837,4889833,5041902,5195827,5351484,5511243,5674295,5839219,6005588,6175621,6351834,6531598,6712267,6894843,7082703,7273362,7465125,7657690,7852753,8051019,8251867
SLV,El Salvador,SP.POP.TOTL,"Population, total",0,,,,,,,,,,,,,,,,,,,,,,,,,,,,,,,,,,,,,,,,,,,,,,,,,,,,,,,,,,,,,,,,,,,,,,,,,,,6338193,6365503,6391253,6416443,6440934,6464414,6486207,6506402,6525797,6544662,6562189,6578181,6593324,6607020,6619833,6631167,6640752,6649293,6656215,6661884,6665751,6668025,6669409,6669836,6669222,6666756,6663346
SLV,El Salvador,SP.RUR.TOTL,Rural population,0,,,,,,,,,,,,,,,,,,,,,,,,,,,,,,,,,,,,,,,,,,,,,,,,,,,,,,,,,,,,,,,,,,,,,,,,,,,1580271,1558039,1535455,1512849,1490266,1467719,1445143,1422656,1400521,1378882,1357654,1336888,1316815,1297402,1278850,1261131,1244283,1228528,1213845,1200386,1188136,1177216,1167829,1160038,1153905,1149361,1146635
SLV,El Salvador,SP.URB.TOTL,Urban population,0,,,,,,,,,,,,,,,,,,,,,,,,,,,,,,,,,,,,,,,,,,,,,,,,,,,,,,,,,,,,,,,,,,,,,,,,,,,4757922,4807464,4855798,4903594,4950668,4996695,5041064,5083746,5125276,5165780,5204535,5241293,5276509,5309618,5340983,5370036,5396469,5420765,5442370,5461498,5477615,5490809,5501580,5509798,5515317,5517395,5516711
SMR,San Marino,SP.POP.TOTL,"Population, total",0,,,,,,,,,,,,,,,,,,,,,,,,,,,,,,,,,,,,,,,,,,,,,,,,,,,,,,,,,,,,,,,,,,,,,,,,,,,33977,33968,34001,34037,34082,34120,34140,34153,34170,34185,34199,34227,34257,34297,34341,34368,34370,34364,34377,34389,34361,34320,34283,34242,34194,34137,34093
SMR,San Marino,SP.RUR.TOTL,Rural population,0,,,,,,,,,,,,,,,,,,,,,,,,,,,,,,,,,,,,,,,,,,,,,,,,,,,,,,,,,,,,,,,,,,,,,,,,,,,966,956,944,930,914,896,875,852,827,801,772,742,710,677,641,604,565,524,482,439,393,346,298,249,199,148,95
SMR,San Marino,SP.URB.TOTL,Urban population,0,,,,,,,,,,,,,,,,,,,,,,,,,,,,,,,,,,,,,,,,,,,,,,,,,,,,,,,,,,,,,,,,,,,,,,,,,,,33011,33012,33057,33107,33168,33224,33265,33301,33343,33384,33427,33485,33547,33620,33700,33764,33805,33840,33895,33950,33968,33974,33985,33993,33995,33989,33998
SOM,"Somalia, Fed. Rep.",SP.POP.TOTL,"Population, total",0,,,,,,,,,,,,,,,,,,,,,,,,,,,,,,,,,,,,,,,,,,,,,,,,,,,,,,,,,,,,,,,,,,,,,,,,,,,19009151,19654739,20305907,20959063,21601816,22247719,22915044,23589796,24258798,24921841,25593673,26294950,27009203,27731178,28455758,29167905,29896287,30635963,31350035,32057986,32780429,33510166,34248032,34996382,35743967,36474691,37206512
SOM,"Somalia, Fed. Rep.",SP.RUR.TOTL,Rural population,0,,,,,,,,,,,,,,,,,,,,,,,,,,,,,,,,,,,,,,,,,,,,,,,,,,,,,,,,,,,,,,,,,,,,,,,,,,,8626800,8817134,9008003,9198149,9382558,9567581,9761338,9958042,10152474,10344979,10542050,10752406,10969459,11191349,11416326,11638726,11870355,12109506,12341931,12575714,12819246,13069972,13328496,13596009,13868418,14139762,14417350
SOM,"Somalia, Fed. Rep.",SP.URB.TOTL,Urban population,0,,,,,,,,,,,,,,,,,,,,,,,,,,,,,,,,,,,,,,,,,,,,,,,,,,,,,,,,,,,,,,,,,,,,,,,,,,,10382351,10837605,11297904,11760914,12219258,12680138,13153706,13631754,14106324,14576862,15051623,15542544,16039744,16539829,17039432,17529179,18025932,18526457,19008104,19482272,19961183,20440194,20919536,21400373,21875549,22334929,22789162
SRB,Serbia,SP.POP.TOTL,"Population, total",0,,,,,,,,,,,,,,,,,,,,,,,,,,,,,,,,,,,,,,,,,,,,,,,,,,,,,,,,,,,,,,,,,,,,,,,,,,,6586476,6536525,6493474,6449748,6405345,6360199,6313909,6266892,6219194,6170799,6122387,6073878,6025588,5977317,5929424,5881729,5834853,5788367,5742650,5698016,5654208,5611089,5568720,5526911,5485613,5444537,5403908
SRB,Serbia,SP.RUR.TOTL,Rural population,0,,,,,,,,,,,,,,,,,,,,,,,,,,,,,,,,,,,,,,,,,,,,,,,,,,,,,,,,,,,,,,,,,,,,,,,,,,,2477634,2442177,2408267,2373061,2336569,2298778,2259556,2219070,2177353,2134417,2090512,2045622,1999866,1953187,1905714,1857395,1808435,1758703,1708318,1657371,1605782,1553510,1500571,1446913,1392525,1337338,1281416
SRB,Serbia,SP.URB.TOTL,Urban population,0,,,,,,,,,,,,,,,,,,,,,,,,,,,,,,,,,,,,,,,,,,,,,,,,,,,,,,,,,,,,,,,,,,,,,,,,,,,4108842,4094348,4085207,4076687,4068776,4061421,4054353,4047822,4041841,4036382,4031875,4028256,4025722,4024130,4023710,4024334,4026418,4029664,4034332,4040645,4048426,4057579,4068149,4079998,4093088,4107199,4122492
SSD,South Sudan,SP.POP.TOTL,"Population, total",0,,,,,,,,,,,,,,,,,,,,,,,,,,,,,,,,,,,,,,,,,,,,,,,,,,,,,,,,,,,,,,,,,,,,,,,,,,,11943408,12188788,12436037,12687303,12941500,13198085,13457453,13725412,13996351,14261765,14527550,14798600,15070095,15335703,15595970,15850694,16101480,16350150,16593363,16829207,17060174,17286410,17509696,17728337,17938440,18142896,18341974
SSD,South Sudan,SP.RUR.TOTL,Rural population,0,,,,,,,,,,,,,,,,,,,,,,,,,,,,,,,,,,,,,,,,,,,,,,,,,,,,,,,,,,,,,,,,,,,,,,,,,,,9390287,9545727,9700555,9856385,10012303,10167826,10323195,10482781,10642193,10794921,10945426,11097334,11246953,11389532,11525500,11654728,11778413,11897885,12010714,12115548,12214220,12306856,12394738,12476673,12549960,12616681,12677062
SSD,South Sudan,SP.URB.TOTL,Urban population,0,,,,,,,,,,,,,,,,,,,,,,,,,,,,,,,,,,,,,,,,,,,,,,,,,,,,,,,,,,,,,,,,,,,,,,,,,,,2553121,2643061,2735482,2830918,2929197,3030259,3134258,3242631,3354158,3466844,3582124,3701266,3823142,3946171,4070470,4195966,4323067,4452265,4582649,4713659,4845954,4979554,5114958,5251664,5388480,5526215,5664912
STP,Sao Tome and Principe,SP.POP.TOTL,"Population, total",0,,,,,,,,,,,,,,,,,,,,,,,,,,,,,,,,,,,,,,,,,,,,,,,,,,,,,,,,,,,,,,,,,,,,,,,,,,,235536,240254,244994,249788,254661,259597,264565,269570,274644,279767,284920,290088,295273,300444,305594,310736,315842,320889,325897,330917,335928,340926,345887,350765,355582,360361,365115
STP,Sao Tome and Principe,SP.RUR.TOTL,Rural population,0,,,,,,,,,,,,,,,,,,,,,,,,,,,,,,,,,,,,,,,,,,,,,,,,,,,,,,,,,,,,,,,,,,,,,,,,,,,73320,74065,74703,75239,75672,75993,76184,76243,76170,75952,75579,75039,74327,73426,72331,71038,69534,67809,65862,63698,61306,58678,55806,52676,49287,45639,41727
STP,Sao Tome and Principe,SP.URB.TOTL,Urban population,0,,,,,,,,,,,,,,,,,,,,,,,,,,,,,,,,,,,,,,,,,,,,,,,,,,,,,,,,,,,,,,,,,,,,,,,,,,,162216,166189,170291,174549,178989,183604,188381,193327,198474,203815,209341,215049,220946,227018,233263,239698,246308,253080,260035,267219,274622,282248,290081,298089,306295,314722,323388
SUR,Suriname,SP.POP.TOTL,"Population, total",0,,,,,,,,,,,,,,,,,,,,,,,,,,,,,,,,,,,,,,,,,,,,,,,,,,,,,,,,,,,,,,,,,,,,,,,,,,,634431,639850,645256,650566,655782,660793,665652,670422,675074,679568,683913,688191,692347,696212,699912,703572,707160,710623,713904,717002,719926,722756,725322,727734,730040,732029,733904
SUR,Suriname,SP.RUR.TOTL,Rural population,0,,,,,,,,,,,,,,,,,,,,,,,,,,,,,,,,,,,,,,,,,,,,,,,,,,,,,,,,,,,,,,,,,,,,,,,,,,,217203,218901,220479,221899,223153,224193,225028,225671,226101,226296,226251,225982,225461,224626,223509,222140,220499,218561,216300,213706,210776,207525,203896,199913,195584,190844,185743
SUR,Suriname,SP.URB.TOTL,Urban population,0,,,,,,,,,,,,,,,,,,,,,,,,,,,,,,,,,,,,,,,,,,,,,,,,,,,,,,,,,,,,,,,,,,,,,,,,,,,417228,420949,424777,428667,432629,436600,440624,444751,448973,453272,457662,462209,466886,471586,476403,481432,486661,492062,497604,503296,509150,515231,521426,527821,534456,541185,548161
SVK,Slovak Republic,SP.POP.TOTL,"Population, total",0,,,,,,,,,,,,,,,,,,,,,,,,,,,,,,,,,,,,,,,,,,,,,,,,,,,,,,,,,,,,,,,,,,,,,,,,,,,5422069,5384248,5375913,5365630,5353542,5339387,5323378,5305757,5286794,5266534,5245266,5222848,5199690,5175990,5151840,5127489,5102848,5078176,5053679,5029135,5004740,4980582,4956447,4932308,4908042,4883330,4858202
SVK,Slovak Republic,SP.RUR.TOTL,Rural population,0,,,,,,,,,,,,,,,,,,,,,,,,,,,,,,,,,,,,,,,,,,,,,,,,,,,,,,,,,,,,,,,,,,,,,,,,,,,2537964,2520149,2516075,2511014,2505020,2497957,2489914,2480990,2471302,2460857,2449781,2437997,2425685,2412928,2399758,2386283,2372450,2358372,2344135,2329626,2314927,2300071,2284949,2269542,2253784,2237522,2220765
SVK,Slovak Republic,SP.URB.TOTL,Urban population,0,,,,,,,,,,,,,,,,,,,,,,,,,,,,,,,,,,,,,,,,,,,,,,,,,,,,,,,,,,,,,,,,,,,,,,,,,,,2884105,2864099,2859838,2854616,2848522,2841430,2833464,2824767,2815492,2805677,2795485,2784851,2774005,2763062,2752082,2741206,2730398,2719804,2709544,2699509,2689813,2680511,2671498,2662766,2654258,2645808,2637437
SVN,Slovenia,SP.POP.TOTL,"Population, total",0,,,,,,,,,,,,,,,,,,,,,,,,,,,,,,,,,,,,,,,,,,,,,,,,,,,,,,,,,,,,,,,,,,,,,,,,,,,2127400,2124876,2121991,2118723,2114549,2110005,2105039,2099592,2094024,2088155,2082376,2076173,2069708,2062965,2056809,2050502,2044485,2038111,2031391,2024665,2017857,2011064,2004336,1997478,1990722,1983511,1975892
SVN,Slovenia,SP.RUR.TOTL,Rural population,0,,,,,,,,,,,,,,,,,,,,,,,,,,,,,,,,,,,,,,,,,,,,,,,,,,,,,,,,,,,,,,,,,,,,,,,,,,,941209,935143,928588,921533,913751,905477,896687,887358,877642,867464,856986,845993,834556,822668,810673,798274,785639,772518,758919,744971,730645,715977,700982,685591,669884,653674,636986
SVN,Slovenia,SP.URB.TOTL,Urban population,0,,,,,,,,,,,,,,,,,,,,,,,,,,,,,,,,,,,,,,,,,,,,,,,,,,,,,,,,,,,,,,,,,,,,,,,,,,,1186191,1189733,1193403,1197190,1200798,1204528,1208352,1212234,1216382,1220691,1225390,1230180,1235152,1240297,1246136,1252228,1258846,1265593,1272472,1279694,1287212,1295087,1303354,1311887,1320838,1329837,1338906
SWE,Sweden,SP.POP.TOTL,"Population, total",0,,,,,,,,,,,,,,,,,,,,,,,,,,,,,,,,,,,,,,,,,,,,,,,,,,,,,,,,,,,,,,,,,,,,,,,,,,,10569709,10611737,10646958,10679566,10708545,10734623,10758480,10780092,10802610,10824912,10846523,10868696,10891848,10914238,10937666,10962058,10987637,11012258,11038977,11064897,11089988,11113299,11135060,11155225,11173714,11190564,11206888
SWE,Sweden,SP.RUR.TOTL,Rural population,0,,,,,,,,,,,,,,,,,,,,,,,,,,,,,,,,,,,,,,,,,,,,,,,,,,,,,,,,,,,,,,,,,,,,,,,,,,,1177891,1159028,1139583,1120074,1100443,1080819,1061320,1041987,1023165,1004775,986809,969413,952655,936412,920873,906061,892024,878619,866125,854345,843315,833003,823467,814742,806864,799873,793885
SWE,Sweden,SP.URB.TOTL,Urban population,0,,,,,,,,,,,,,,,,,,,,,,,,,,,,,,,,,,,,,,,,,,,,,,,,,,,,,,,,,,,,,,,,,,,,,,,,,,,9391818,9452709,9507375,9559492,9608102,9653804,9697160,9738105,9779445,9820137,9859714,9899283,9939193,9977826,10016793,10055997,10095613,10133639,10172852,10210552,10246673,10280296,10311593,10340483,10366850,10390691,10413003
SWZ,Eswatini,SP.POP.TOTL,"Population, total",0,,,,,,,,,,,,,,,,,,,,,,,,,,,,,,,,,,,,,,,,,,,,,,,,,,,,,,,,,,,,,,,,,,,,,,,,,,,1242822,1256174,1269859,1283222,1295967,1308350,1320918,1333170,1344897,1356744,1368359,1379418,1390155,1400445,1410501,1420451,1429781,1439043,1448110,1456449,1464370,1472137,1479611,1486494,1493023,1499435,1505331
SWZ,Eswatini,SP.RUR.TOTL,Rural population,0,,,,,,,,,,,,,,,,,,,,,,,,,,,,,,,,,,,,,,,,,,,,,,,,,,,,,,,,,,,,,,,,,,,,,,,,,,,916583,920507,924145,927329,931516,935286,939134,942721,945923,949218,952378,955203,957881,960351,962785,965294,967555,969967,972471,974733,976990,979445,982030,984573,987259,990271,993361
SWZ,Eswatini,SP.URB.TOTL,Urban population,0,,,,,,,,,,,,,,,,,,,,,,,,,,,,,,,,,,,,,,,,,,,,,,,,,,,,,,,,,,,,,,,,,,,,,,,,,,,326239,335667,345714,355893,364451,373064,381784,390449,398974,407526,415981,424215,432274,440094,447716,455157,462226,469076,475639,481716,487380,492692,497581,501921,505764,509164,511970
SXM,Sint Maarten (Dutch part),SP.POP.TOTL,"Population, total",0,,,,,,,,,,,,,,,,,,,,,,,,,,,,,,,,,,,,,,,,,,,,,,,,,,,,,,,,,,,,,,,,,,,,,,,,,,,43350,43923,44447,44944,45426,45888,46331,46745,47150,47531,47888,48243,48585,48904,49203,49473,49730,49965,50147,50310,50471,50622,50767,50895,50990,51016,51017
SXM,Sint Maarten (Dutch part),SP.RUR.TOTL,Rural population,0,,,,,,,,,,,,,,,,,,,,,,,,,,,,,,,,,,,,,,,,,,,,,,,,,,,,,,,,,,,,,,,,,,,,,,,,,,,0,0,0,0,0,0,0,0,0,0,0,0,0,0,0,0,0,0,0,0,0,0,0,0,0,0,0
SXM,Sint Maarten (Dutch part),SP.URB.TOTL,Urban population,0,,,,,,,,,,,,,,,,,,,,,,,,,,,,,,,,,,,,,,,,,,,,,,,,,,,,,,,,,,,,,,,,,,,,,,,,,,,43350,43923,44447,44944,45426,45888,46331,46745,47150,47531,47888,48243,48585,48904,49203,49473,49730,49965,50147,50310,50471,50622,50767,50895,50990,51016,51017
SYC,Seychelles,SP.POP.TOTL,"Population, total",0,,,,,,,,,,,,,,,,,,,,,,,,,,,,,,,,,,,,,,,,,,,,,,,,,,,,,,,,,,,,,,,,,,,,,,,,,,,121354,123601,125619,127391,128775,129713,130069,130413,130712,130953,131171,131392,131543,131678,131770,131857,131930,131953,131954,131939,131903,131838,131748,131624,131466,131275,131084
SYC,Seychelles,SP.RUR.TOTL,Rural population,0,,,,,,,,,,,,,,,,,,,,,,,,,,,,,,,,,,,,,,,,,,,,,,,,,,,,,,,,,,,,,,,,,,,,,,,,,,,66393,67384,68241,68957,69457,69712,69650,69581,69486,69359,69218,69078,68899,68712,68501,68287,68065,67816,67555,67286,67006,66711,66403,66078,65736,65378,65020
SYC,Seychelles,SP.URB.TOTL,Urban population,0,,,,,,,,,,,,,,,,,,,,,,,,,,,,,,,,,,,,,,,,,,,,,,,,,,,,,,,,,,,,,,,,,,,,,,,,,,,54961,56217,57378,58434,59318,60001,60419,60832,61226,61594,61953,62314,62644,62966,63269,63570,63865,64137,64399,64653,64897,65127,65345,65546,65730,65897,66064
SYR,Syrian Arab Republic,SP.POP.TOTL,"Population, total",0,,,,,,,,,,,,,,,,,,,,,,,,,,,,,,,,,,,,,,,,,,,,,,,,,,,,,,,,,,,,,,,,,,,,,,,,,,,24672760,25620427,26472497,27261538,28006551,28719304,29395540,30029817,30633651,31212470,31768131,32294793,32788145,33258403,33710715,34131233,34533185,34916933,35279861,35623329,35944390,36265286,36583262,36878637,37171022,37477690,37793372
SYR,Syrian Arab Republic,SP.RUR.TOTL,Rural population,0,,,,,,,,,,,,,,,,,,,,,,,,,,,,,,,,,,,,,,,,,,,,,,,,,,,,,,,,,,,,,,,,,,,,,,,,,,,6889588,7152294,7385464,7597524,7792940,7974128,8139008,8285172,8414883,8528681,8626093,8704550,8761940,8800051,8819248,8814932,8789606,8742372,8671606,8576710,8456072,8313949,8148495,7954263,7734563,7491648,7222845
SYR,Syrian Arab Republic,SP.URB.TOTL,Urban population,0,,,,,,,,,,,,,,,,,,,,,,,,,,,,,,,,,,,,,,,,,,,,,,,,,,,,,,,,,,,,,,,,,,,,,,,,,,,17783172,18468133,19087033,19664014,20213611,20745176,21256532,21744645,22218768,22683789,23142038,23590243,24026205,24458352,24891467,25316301,25743579,26174561,26608255,27046619,27488318,27951337,28434767,28924374,29436459,29986042,30570527
TCA,Turks and Caicos Islands,SP.POP.TOTL,"Population, total",0,,,,,,,,,,,,,,,,,,,,,,,,,,,,,,,,,,,,,,,,,,,,,,,,,,,,,,,,,,,,,,,,,,,,,,,,,,,46535,46855,47148,47428,47716,47994,48258,48520,48776,49028,49263,49494,49722,49925,50110,50284,50425,50539,50661,50778,50861,50926,50974,51002,51019,51011,50988
TCA,Turks and Caicos Islands,SP.RUR.TOTL,Rural population,0,,,,,,,,,,,,,,,,,,,,,,,,,,,,,,,,,,,,,,,,,,,,,,,,,,,,,,,,,,,,,,,,,,,,,,,,,,,2714,2626,2537,2449,2364,2280,2198,2118,2040,1965,1893,1823,1756,1693,1632,1575,1522,1472,1426,1386,1349,1317,1290,1268,1251,1239,1232
TCA,Turks and Caicos Islands,SP.URB.TOTL,Urban population,0,,,,,,,,,,,,,,,,,,,,,,,,,,,,,,,,,,,,,,,,,,,,,,,,,,,,,,,,,,,,,,,,,,,,,,,,,,,43821,44229,44611,44979,45352,45714,46060,46402,46736,47063,47370,47671,47966,48232,48478,48709,48903,49067,49235,49392,49512,49609,49684,49734,49768,49772,49756
TCD,Chad,SP.POP.TOTL,"Population, total",0,,,,,,,,,,,,,,,,,,,,,,,,,,,,,,,,,,,,,,,,,,,,,,,,,,,,,,,,,,,,,,,,,,,,,,,,,,,20299123,21003705,21560380,22175375,22847750,23526039,24207479,24897239,25596232,26297840,26997408,27697279,28410504,29132971,29856456,30584707,31307342,32035125,32777673,33525245,34272321,35026393,35788067,36546920,37317470,38088925,38857686
TCD,Chad,SP.RUR.TOTL,Rural population,0,,,,,,,,,,,,,,,,,,,,,,,,,,,,,,,,,,,,,,,,,,,,,,,,,,,,,,,,,,,,,,,,,,,,,,,,,,,14832259,15213849,15473251,15759580,16070509,16368490,16651019,16921078,17178631,17418624,17637529,17836511,18023460,18195049,18345592,18476978,18582568,18668507,18739835,18790324,18816507,18822182,18807191,18765697,18704883,18618866,18505717
TCD,Chad,SP.URB.TOTL,Urban population,0,,,,,,,,,,,,,,,,,,,,,,,,,,,,,,,,,,,,,,,,,,,,,,,,,,,,,,,,,,,,,,,,,,,,,,,,,,,5466864,5789856,6087129,6415795,6777241,7157549,7556460,7976161,8417601,8879216,9359879,9860768,10387044,10937922,11510864,12107729,12724774,13366618,14037838,14734921,15455814,16204211,16980876,17781223,18612587,19470059,20351969
TGO,Togo,SP.POP.TOTL,"Population, total",0,,,,,,,,,,,,,,,,,,,,,,,,,,,,,,,,,,,,,,,,,,,,,,,,,,,,,,,,,,,,,,,,,,,,,,,,,,,9515236,9721608,9930918,10142996,10356496,10572460,10792997,11018536,11246761,11475982,11705826,11937684,12170508,12404347,12641137,12881276,13121352,13361760,13604977,13851202,14099649,14347512,14595249,14841670,15088054,15337442,15584778
TGO,Togo,SP.RUR.TOTL,Rural population,0,,,,,,,,,,,,,,,,,,,,,,,,,,,,,,,,,,,,,,,,,,,,,,,,,,,,,,,,,,,,,,,,,,,,,,,,,,,5346150,5405701,5462632,5516683,5566961,5613878,5658372,5700451,5738709,5772112,5800329,5823901,5842151,5854954,5863056,5866439,5863362,5853872,5838892,5818299,5791557,5757343,5715720,5666105,5608879,5545012,5472504
TGO,Togo,SP.URB.TOTL,Urban population,0,,,,,,,,,,,,,,,,,,,,,,,,,,,,,,,,,,,,,,,,,,,,,,,,,,,,,,,,,,,,,,,,,,,,,,,,,,,4169086,4315907,4468286,4626313,4789535,4958582,5134625,5318085,5508052,5703870,5905497,6113783,6328357,6549393,6778081,7014837,7257990,7507888,7766085,8032903,8308092,8590169,8879529,9175565,9479175,9792430,10112274
THA,Thailand,SP.POP.TOTL,"Population, total",0,,,,,,,,,,,,,,,,,,,,,,,,,,,,,,,,,,,,,,,,,,,,,,,,,,,,,,,,,,,,,,,,,,,,,,,,,,,71668011,71619863,71559614,71488156,71406994,71316193,71215022,71104021,70982289,70847953,70701654,70540885,70366494,70180037,69979037,69763933,69535002,69288471,69025351,68748083,68456530,68150152,67827311,67489358,67136738,66767317,66382735
THA,Thailand,SP.RUR.TOTL,Rural population,0,,,,,,,,,,,,,,,,,,,,,,,,,,,,,,,,,,,,,,,,,,,,,,,,,,,,,,,,,,,,,,,,,,,,,,,,,,,27327777,26643063,25959307,25278491,24602768,23933741,23272736,22621496,21981278,21353061,20738596,20138691,19555134,18989845,18443602,17917962,17414389,16933306,16476318,16045284,15641367,15265589,14918679,14601973,14316529,14062787,13841921
THA,Thailand,SP.URB.TOTL,Urban population,0,,,,,,,,,,,,,,,,,,,,,,,,,,,,,,,,,,,,,,,,,,,,,,,,,,,,,,,,,,,,,,,,,,,,,,,,,,,44340234,44976800,45600307,46209665,46804226,47382452,47942286,48482525,49001011,49494892,49963058,50402194,50811360,51190192,51535435,51845971,52120613,52355165,52549033,52702799,52815163,52884563,52908632,52887385,52820209,52704530,52540814
TJK,Tajikistan,SP.POP.TOTL,"Population, total",0,,,,,,,,,,,,,,,,,,,,,,,,,,,,,,,,,,,,,,,,,,,,,,,,,,,,,,,,,,,,,,,,,,,,,,,,,,,10590927,10786734,10978599,11168389,11356922,11545286,11733068,11920473,12110151,12302285,12496889,12695585,12899094,13104343,13308240,13511368,13713947,13915196,14115137,14311605,14504869,14694862,14879388,15059869,15236597,15408033,15574642
TJK,Tajikistan,SP.RUR.TOTL,Rural population,0,,,,,,,,,,,,,,,,,,,,,,,,,,,,,,,,,,,,,,,,,,,,,,,,,,,,,,,,,,,,,,,,,,,,,,,,,,,7818349,7964411,8108074,8250776,8393182,8536162,8679476,8823347,8969809,9119075,9271239,9427591,9588760,9752560,9916781,10081949,10248322,10415414,10583335,10750559,10917378,11083834,11248360,11412113,11575403,11737146,11897778
TJK,Tajikistan,SP.URB.TOTL,Urban population,0,,,,,,,,,,,,,,,,,,,,,,,,,,,,,,,,,,,,,,,,,,,,,,,,,,,,,,,,,,,,,,,,,,,,,,,,,,,2772578,2822323,2870525,2917613,2963740,3009124,3053592,3097126,3140342,3183210,3225650,3267994,3310334,3351783,3391459,3429419,3465625,3499782,3531802,3561046,3587491,3611028,3631028,3647756,3661194,3670887,3676864
TKM,Turkmenistan,SP.POP.TOTL,"Population, total",0,,,,,,,,,,,,,,,,,,,,,,,,,,,,,,,,,,,,,,,,,,,,,,,,,,,,,,,,,,,,,,,,,,,,,,,,,,,7494498,7618847,7736632,7847554,7951288,8047434,8135729,8218959,8300253,8380351,8459728,8538668,8617559,8696447,8775200,8853839,8932231,9010272,9087662,9164051,9239269,9312822,9384182,9452887,9518553,9580901,9639708
TKM,Turkmenistan,SP.RUR.TOTL,Rural population,0,,,,,,,,,,,,,,,,,,,,,,,,,,,,,,,,,,,,,,,,,,,,,,,,,,,,,,,,,,,,,,,,,,,,,,,,,,,3965524,4029962,4090887,4148145,4201570,4250952,4296158,4338663,4380121,4420922,4461320,4501463,4541556,4581625,4621600,4661492,4701231,4740763,4779930,4818549,4856532,4893619,4929534,4964036,4996924,5028055,5057313
TKM,Turkmenistan,SP.URB.TOTL,Urban population,0,,,,,,,,,,,,,,,,,,,,,,,,,,,,,,,,,,,,,,,,,,,,,,,,,,,,,,,,,,,,,,,,,,,,,,,,,,,3528974,3588885,3645745,3699409,3749718,3796482,3839571,3880296,3920132,3959429,3998408,4037205,4076003,4114822,4153600,4192347,4231000,4269509,4307732,4345502,4382737,4419203,4454648,4488851,4521629,4552846,4582395
TLS,Timor-Leste,SP.POP.TOTL,"Population, total",0,,,,,,,,,,,,,,,,,,,,,,,,,,,,,,,,,,,,,,,,,,,,,,,,,,,,,,,,,,,,,,,,,,,,,,,,,,,1400638,1418517,1436923,1456334,1476843,1498109,1519804,1540656,1559707,1578117,1597444,1618798,1639719,1659330,1678953,1698887,1718249,1736472,1755842,1776065,1793755,1809633,1825545,1841554,1858307,1873844,1889249
TLS,Timor-Leste,SP.RUR.TOTL,Rural population,0,,,,,,,,,,,,,,,,,,,,,,,,,,,,,,,,,,,,,,,,,,,,,,,,,,,,,,,,,,,,,,,,,,,,,,,,,,,999158,1010177,1020775,1031263,1041674,1051732,1061174,1069081,1074779,1079062,1082974,1087220,1090100,1091019,1090842,1089737,1087113,1082609,1077639,1071970,1063545,1052845,1040966,1027926,1014057,998270,981162
TLS,Timor-Leste,SP.URB.TOTL,Urban population,0,,,,,,,,,,,,,,,,,,,,,,,,,,,,,,,,,,,,,,,,,,,,,,,,,,,,,,,,,,,,,,,,,,,,,,,,,,,401480,408340,416148,425071,435169,446377,458630,471575,484928,499055,514470,531578,549619,568311,588111,609150,631136,653863,678203,704095,730210,756788,784579,813628,844250,875574,908087
TON,Tonga,SP.POP.TOTL,"Population, total",0,,,,,,,,,,,,,,,,,,,,,,,,,,,,,,,,,,,,,,,,,,,,,,,,,,,,,,,,,,,,,,,,,,,,,,,,,,,104175,103742,103291,102896,102565,102281,102072,101924,101838,101807,101802,101829,101893,101997,102174,102371,102565,102797,103041,103303,103611,103930,104234,104502,104743,104972,105195
TON,Tonga,SP.RUR.TOTL,Rural population,0,,,,,,,,,,,,,,,,,,,,,,,,,,,,,,,,,,,,,,,,,,,,,,,,,,,,,,,,,,,,,,,,,,,,,,,,,,,82141,81794,81428,81101,80818,80564,80361,80195,80067,79969,79878,79797,79729,79674,79658,79636,79591,79551,79497,79430,79371,79291,79169,78987,78752,78473,78154
TON,Tonga,SP.URB.TOTL,Urban population,0,,,,,,,,,,,,,,,,,,,,,,,,,,,,,,,,,,,,,,,,,,,,,,,,,,,,,,,,,,,,,,,,,,,,,,,,,,,22034,21948,21863,21795,21747,21717,21711,21729,21771,21838,21924,22032,22164,22323,22516,22735,22974,23246,23544,23873,24240,24639,25065,25515,25991,26499,27041
TTO,Trinidad and Tobago,SP.POP.TOTL,"Population, total",0,,,,,,,,,,,,,,,,,,,,,,,,,,,,,,,,,,,,,,,,,,,,,,,,,,,,,,,,,,,,,,,,,,,,,,,,,,,1368333,1371398,1373370,1374376,1374601,1374114,1373095,1371554,1369466,1366960,1364000,1360636,1356911,1352831,1348432,1343648,1338552,1333113,1327358,1321282,1314981,1308456,1301793,1294909,1287880,1280663,1273307
TTO,Trinidad and Tobago,SP.RUR.TOTL,Rural population,0,,,,,,,,,,,,,,,,,,,,,,,,,,,,,,,,,,,,,,,,,,,,,,,,,,,,,,,,,,,,,,,,,,,,,,,,,,,629966,631260,632033,632342,632272,631854,631169,630221,628998,627558,625884,623998,621919,619649,617205,614555,611732,608722,605537,602174,598676,595044,591317,587457,583497,579419,575245
TTO,Trinidad and Tobago,SP.URB.TOTL,Urban population,0,,,,,,,,,,,,,,,,,,,,,,,,,,,,,,,,,,,,,,,,,,,,,,,,,,,,,,,,,,,,,,,,,,,,,,,,,,,738367,740138,741337,742034,742329,742260,741926,741333,740468,739402,738116,736638,734992,733182,731227,729093,726820,724391,721821,719108,716305,713412,710476,707452,704383,701244,698062
TUN,Tunisia,SP.POP.TOTL,"Population, total",0,,,,,,,,,,,,,,,,,,,,,,,,,,,,,,,,,,,,,,,,,,,,,,,,,,,,,,,,,,,,,,,,,,,,,,,,,,,12277109,12348573,12415138,12476097,12531992,12582708,12628142,12669921,12709149,12746529,12781010,12812269,12842491,12872060,12900189,12927306,12953864,12979693,13005236,13030303,13054102,13076089,13095745,13113222,13127665,13138145,13145141
TUN,Tunisia,SP.RUR.TOTL,Rural population,0,,,,,,,,,,,,,,,,,,,,,,,,,,,,,,,,,,,,,,,,,,,,,,,,,,,,,,,,,,,,,,,,,,,,,,,,,,,3639115,3617770,3592934,3564410,3532363,3496774,3457632,3415397,3370367,3322717,3272164,3218626,3162651,3104307,3043382,2979959,2914118,2845795,2775058,2701838,2625945,2547260,2465684,2381256,2293834,2203294,2109765
TUN,Tunisia,SP.URB.TOTL,Urban population,0,,,,,,,,,,,,,,,,,,,,,,,,,,,,,,,,,,,,,,,,,,,,,,,,,,,,,,,,,,,,,,,,,,,,,,,,,,,8637994,8730803,8822204,8911687,8999629,9085934,9170510,9254524,9338782,9423812,9508846,9593643,9679840,9767753,9856807,9947347,10039746,10133898,10230178,10328465,10428157,10528829,10630061,10731966,10833831,10934851,11035376
TUR,Turkiye,SP.POP.TOTL,"Population, total",0,,,,,,,,,,,,,,,,,,,,,,,,,,,,,,,,,,,,,,,,,,,,,,,,,,,,,,,,,,,,,,,,,,,,,,,,,,,85518661,85729312,85983224,86258088,86532104,86792888,87060008,87306032,87531456,87746440,87943704,88132712,88317408,88487512,88633544,88765728,88876672,88972120,89055224,89112920,89155680,89173968,89192704,89179552,89139376,89064184,88959016
TUR,Turkiye,SP.RUR.TOTL,Rural population,0,,,,,,,,,,,,,,,,,,,,,,,,,,,,,,,,,,,,,,,,,,,,,,,,,,,,,,,,,,,,,,,,,,,,,,,,,,,9112601,9006670,8903567,8807884,8717321,8630638,8549789,8472073,8397591,8327346,8260660,8198430,8141007,8087425,8036818,7990114,7946630,7906864,7871064,7838040,7808679,7782102,7760428,7740781,7723523,7707868,7694470
TUR,Turkiye,SP.URB.TOTL,Urban population,0,,,,,,,,,,,,,,,,,,,,,,,,,,,,,,,,,,,,,,,,,,,,,,,,,,,,,,,,,,,,,,,,,,,,,,,,,,,76406060,76722642,77079657,77450204,77814783,78162250,78510219,78833959,79133865,79419094,79683044,79934282,80176401,80400087,80596726,80775614,80930042,81065256,81184160,81274880,81347001,81391866,81432276,81438771,81415853,81356316,81264546
TUV,Tuvalu,SP.POP.TOTL,"Population, total",0,,,,,,,,,,,,,,,,,,,,,,,,,,,,,,,,,,,,,,,,,,,,,,,,,,,,,,,,,,,,,,,,,,,,,,,,,,,9646,9492,9362,9257,9171,9103,9047,9010,8988,8973,8973,8980,8992,9014,9048,9094,9140,9187,9246,9312,9377,9438,9502,9575,9648,9714,9781
TUV,Tuvalu,SP.RUR.TOTL,Rural population,0,,,,,,,,,,,,,,,,,,,,,,,,,,,,,,,,,,,,,,,,,,,,,,,,,,,,,,,,,,,,,,,,,,,,,,,,,,,3403,3280,3166,3062,2965,2874,2786,2705,2627,2551,2478,2406,2334,2264,2195,2127,2057,1985,1914,1842,1768,1690,1611,1530,1447,1359,1269
TUV,Tuvalu,SP.URB.TOTL,Urban population,0,,,,,,,,,,,,,,,,,,,,,,,,,,,,,,,,,,,,,,,,,,,,,,,,,,,,,,,,,,,,,,,,,,,,,,,,,,,6243,6212,6196,6195,6206,6229,6261,6305,6361,6422,6495,6574,6658,6750,6853,6967,7083,7202,7332,7470,7609,7748,7891,8045,8201,8355,8512
TWN,"Taiwan, China",SP.POP.TOTL,"Population, total",0,,,,,,,,,,,,,,,,,,,,,,,,,,,,,,,,,,,,,,,,,,,,,,,,,,,,,,,,,,,,,,,,,,,,,,,,,,,23412899,23307410,23204812,23099802,22994536,22886170,22772148,22651274,22525480,22394242,22254498,22109924,21959966,21802698,21641934,21475496,21304408,21128264,20947366,20762854,20576070,20383184,20191566,19994930,19798742,19598338,19397958
TWN,"Taiwan, China",SP.RUR.TOTL,Rural population,0,,,,,,,,,,,,,,,,,,,,,,,,,,,,,,,,,,,,,,,,,,,,,,,,,,,,,,,,,,,,,,,,,,,,,,,,,,,4938187,4912584,4885046,4853758,4818491,4777983,4731054,4673830,4629787,4596649,4561870,4526706,4491015,4454377,4417542,4380039,4342047,4303457,4264302,4224785,4185153,4144599,4104594,4063834,4023404,3982329,3941456
TWN,"Taiwan, China",SP.URB.TOTL,Urban population,0,,,,,,,,,,,,,,,,,,,,,,,,,,,,,,,,,,,,,,,,,,,,,,,,,,,,,,,,,,,,,,,,,,,,,,,,,,,18474712,18394826,18319766,18246044,18176045,18108187,18041094,17977444,17895693,17797593,17692628,17583218,17468951,17348321,17224392,17095457,16962361,16824807,16683064,16538069,16390917,16238585,16086972,15931096,15775338,15616009,15456502
TZA,Tanzania,SP.POP.TOTL,"Population, total",0,,,,,,,,,,,,,,,,,,,,,,,,,,,,,,,,,,,,,,,,,,,,,,,,,,,,,,,,,,,,,,,,,,,,,,,,,,,68560157,70545865,72563780,74604808,76670492,78773195,80913124,83087938,85293133,87520493,89788678,92091429,94420812,96775777,99156471,101567530,103999359,106448480,108926277,111433794,113966272,116525473,119109675,121721027,124351302,126981406,129621102
TZA,Tanzania,SP.RUR.TOTL,Rural population,0,,,,,,,,,,,,,,,,,,,,,,,,,,,,,,,,,,,,,,,,,,,,,,,,,,,,,,,,,,,,,,,,,,,,,,,,,,,43763014,44526214,45264473,45970034,46641847,47285267,47898005,48476219,49014850,49506845,49960361,50369179,50726363,51028865,51274252,51462322,51585567,51639818,51628069,51547978,51394492,51165596,50857657,50468689,49992381,49418567,48748913
TZA,Tanzania,SP.URB.TOTL,Urban population,0,,,,,,,,,,,,,,,,,,,,,,,,,,,,,,,,,,,,,,,,,,,,,,,,,,,,,,,,,,,,,,,,,,,,,,,,,,,24797143,26019651,27299307,28634774,30028645,31487928,33015119,34611719,36278283,38013648,39828317,41722250,43694449,45746912,47882219,50105208,52413792,54808662,57298208,59885816,62571780,65359877,68252018,71252338,74358921,77562839,80872189
UGA,Uganda,SP.POP.TOTL,"Population, total",0,,,,,,,,,,,,,,,,,,,,,,,,,,,,,,,,,,,,,,,,,,,,,,,,,,,,,,,,,,,,,,,,,,,,,,,,,,,50015092,51384894,52761469,54144272,55532558,56922790,58312940,59703535,61089056,62464107,63833868,65205574,66573733,67942632,69312208,70669875,72020418,73372653,74730004,76090990,77449521,78797992,80139175,81478502,82812095,84130053,85431202
UGA,Uganda,SP.RUR.TOTL,Rural population,0,,,,,,,,,,,,,,,,,,,,,,,,,,,,,,,,,,,,,,,,,,,,,,,,,,,,,,,,,,,,,,,,,,,,,,,,,,,34371487,34972582,35565582,36150824,36728569,37297313,37856664,38407962,38948724,39476707,39996451,40513691,41026210,41537920,42050047,42556322,43061117,43571148,44089840,44617741,45152774,45692109,46239025,46798326,47369468,47948540,48536855
UGA,Uganda,SP.URB.TOTL,Urban population,0,,,,,,,,,,,,,,,,,,,,,,,,,,,,,,,,,,,,,,,,,,,,,,,,,,,,,,,,,,,,,,,,,,,,,,,,,,,15643605,16412312,17195887,17993448,18803989,19625477,20456276,21295573,22140332,22987400,23837417,24691883,25547523,26404712,27262161,28113553,28959301,29801505,30640164,31473249,32296747,33105883,33900150,34680176,35442627,36181513,36894347
UKR,Ukraine,SP.POP.TOTL,"Population, total",0,,,,,,,,,,,,,,,,,,,,,,,,,,,,,,,,,,,,,,,,,,,,,,,,,,,,,,,,,,,,,,,,,,,,,,,,,,,37860221,38980376,39535849,39245209,38952090,38654410,38353853,38050627,37746691,37442089,37135845,36828147,36519766,36209677,35897707,35584260,35270911,34957579,34641775,34324131,34004077,33680445,33351501,33017829,32680966,32338511,31990132
UKR,Ukraine,SP.RUR.TOTL,Rural population,0,,,,,,,,,,,,,,,,,,,,,,,,,,,,,,,,,,,,,,,,,,,,,,,,,,,,,,,,,,,,,,,,,,,,,,,,,,,11535417,11851791,11992326,11872970,11750309,11623798,11494032,11361157,11225843,11088182,10947966,10805334,10660595,10513531,10364177,10212736,10059744,9905252,9748640,9590173,9429784,9267244,9102181,8934869,8765832,8594537,8421020
UKR,Ukraine,SP.URB.TOTL,Urban population,0,,,,,,,,,,,,,,,,,,,,,,,,,,,,,,,,,,,,,,,,,,,,,,,,,,,,,,,,,,,,,,,,,,,,,,,,,,,26324804,27128585,27543523,27372239,27201781,27030612,26859821,26689470,26520848,26353907,26187879,26022813,25859171,25696146,25533530,25371524,25211167,25052327,24893135,24733958,24574293,24413201,24249320,24082960,23915134,23743974,23569112
URY,Uruguay,SP.POP.TOTL,"Population, total",0,,,,,,,,,,,,,,,,,,,,,,,,,,,,,,,,,,,,,,,,,,,,,,,,,,,,,,,,,,,,,,,,,,,,,,,,,,,3386588,3384688,3382537,3380240,3377890,3375427,3372887,3370279,3367540,3364648,3361586,3358282,3354673,3350732,3346423,3341666,3336459,3330796,3324635,3317934,3310608,3302675,3294200,3285154,3275505,3265251,3254354
URY,Uruguay,SP.RUR.TOTL,Rural population,0,,,,,,,,,,,,,,,,,,,,,,,,,,,,,,,,,,,,,,,,,,,,,,,,,,,,,,,,,,,,,,,,,,,,,,,,,,,149071,147108,145091,143024,140908,138740,136520,134247,131917,129528,127077,124562,121979,119326,116601,113801,110925,107974,104945,101837,98648,95379,92032,88607,85104,81524,77867
URY,Uruguay,SP.URB.TOTL,Urban population,0,,,,,,,,,,,,,,,,,,,,,,,,,,,,,,,,,,,,,,,,,,,,,,,,,,,,,,,,,,,,,,,,,,,,,,,,,,,3237517,3237580,3237446,3237216,3236982,3236687,3236367,3236032,3235623,3235120,3234509,3233720,3232694,3231406,3229822,3227865,3225534,3222822,3219690,3216097,3211960,3207296,3202168,3196547,3190401,3183727,3176487
USA,United States,SP.POP.TOTL,"Population, total",0,,,,,,,,,,,,,,,,,,,,,,,,,,,,,,,,,,,,,,,,,,,,,,,,,,,,,,,,,,,,,,,,,,,,,,,,,,,340110988,341807872,343406112,344953696,346506912,347988928,349445856,350874240,352281728,353665760,355043520,356381280,357692032,358985536,360265824,361489536,362685952,363850400,365024736,366140256,367215008,368269312,369287872,370316320,371308480,372299904,373286496
USA,United States,SP.RUR.TOTL,Rural population,0,,,,,,,,,,,,,,,,,,,,,,,,,,,,,,,,,,,,,,,,,,,,,,,,,,,,,,,,,,,,,,,,,,,,,,,,,,,67597808,67704711,67741162,67716141,67640129,67497550,67296926,67037091,66719025,66341763,65908044,65411138,64853092,64235286,63558016,62813312,62006122,61135393,60207824,59211727,58150064,57025947,55836843,54589447,53276594,51903280,50468480
USA,United States,SP.URB.TOTL,Urban population,0,,,,,,,,,,,,,,,,,,,,,,,,,,,,,,,,,,,,,,,,,,,,,,,,,,,,,,,,,,,,,,,,,,,,,,,,,,,272513180,274103161,275664950,277237555,278866783,280491378,282148930,283837149,285562703,287323997,289135476,290970142,292838940,294750250,296707808,298676224,300679830,302715007,304816912,306928529,309064944,311243365,313451029,315726873,318031886,320396624,322818016
UZB,Uzbekistan,SP.POP.TOTL,"Population, total",0,,,,,,,,,,,,,,,,,,,,,,,,,,,,,,,,,,,,,,,,,,,,,,,,,,,,,,,,,,,,,,,,,,,,,,,,,,,36361859,37053428,37724223,38376103,39010990,39634351,40248241,40850310,41442241,42026363,42603249,43175102,43744386,44313637,44885867,45461997,46044152,46636743,47240036,47851669,48470625,49096063,49724393,50351710,50975933,51596111,52210755
UZB,Uzbekistan,SP.RUR.TOTL,Rural population,0,,,,,,,,,,,,,,,,,,,,,,,,,,,,,,,,,,,,,,,,,,,,,,,,,,,,,,,,,,,,,,,,,,,,,,,,,,,17817795,18149751,18460155,18749413,19017995,19268121,19500357,19713148,19906921,20082416,20239535,20378961,20501482,20607899,20699201,20775371,20836925,20885355,20920226,20939935,20943497,20930017,20897457,20843735,20767612,20668364,20545091
UZB,Uzbekistan,SP.URB.TOTL,Urban population,0,,,,,,,,,,,,,,,,,,,,,,,,,,,,,,,,,,,,,,,,,,,,,,,,,,,,,,,,,,,,,,,,,,,,,,,,,,,18544064,18903677,19264068,19626690,19992995,20366230,20747884,21137162,21535320,21943947,22363714,22796141,23242904,23705738,24186666,24686626,25207227,25751388,26319810,26911734,27527128,28166046,28826936,29507975,30208321,30927747,31665664
VCT,St. Vincent and the Grenadines,SP.POP.TOTL,"Population, total",0,,,,,,,,,,,,,,,,,,,,,,,,,,,,,,,,,,,,,,,,,,,,,,,,,,,,,,,,,,,,,,,,,,,,,,,,,,,100616,99924,99245,98591,97985,97409,96856,96334,95834,95362,94918,94484,94077,93699,93336,92984,92650,92329,91995,91648,91308,90955,90577,90180,89772,89365,88942
VCT,St. Vincent and the Grenadines,SP.RUR.TOTL,Rural population,0,,,,,,,,,,,,,,,,,,,,,,,,,,,,,,,,,,,,,,,,,,,,,,,,,,,,,,,,,,,,,,,,,,,,,,,,,,,52473,51979,51494,51023,50578,50149,49733,49334,48946,48574,48216,47864,47526,47203,46888,46579,46279,45986,45686,45380,45078,44770,44449,44120,43785,43452,43111
VCT,St. Vincent and the Grenadines,SP.URB.TOTL,Urban population,0,,,,,,,,,,,,,,,,,,,,,,,,,,,,,,,,,,,,,,,,,,,,,,,,,,,,,,,,,,,,,,,,,,,,,,,,,,,48143,47945,47751,47568,47407,47260,47123,47000,46888,46788,46702,46620,46551,46496,46448,46405,46371,46343,46309,46268,46230,46185,46128,46060,45987,45913,45831
VEN,"Venezuela, RB",SP.POP.TOTL,"Population, total",0,,,,,,,,,,,,,,,,,,,,,,,,,,,,,,,,,,,,,,,,,,,,,,,,,,,,,,,,,,,,,,,,,,,,,,,,,,,28405543,28516896,28633711,28758567,28885164,29014445,29151810,29295749,29442536,29587102,29735158,29883329,30020165,30146549,30268329,30386291,30495443,30590202,30674533,30749668,30813812,30871487,30923464,30974369,31021604,31059956,31094883
VEN,"Venezuela, RB",SP.RUR.TOTL,Rural population,0,,,,,,,,,,,,,,,,,,,,,,,,,,,,,,,,,,,,,,,,,,,,,,,,,,,,,,,,,,,,,,,,,,,,,,,,,,,3043410,3045059,3047264,3050293,3053474,3056908,3061161,3066069,3071240,3076146,3081384,3086605,3090633,3093572,3096035,3098109,3099292,3099030,3097742,3095562,3092323,3088490,3084147,3079763,3075083,3069598,3063856
VEN,"Venezuela, RB",SP.URB.TOTL,Urban population,0,,,,,,,,,,,,,,,,,,,,,,,,,,,,,,,,,,,,,,,,,,,,,,,,,,,,,,,,,,,,,,,,,,,,,,,,,,,25362133,25471837,25586447,25708274,25831690,25957537,26090649,26229680,26371296,26510956,26653774,26796724,26929532,27052977,27172294,27288182,27396151,27491172,27576791,27654106,27721489,27782997,27839317,27894606,27946521,27990358,28031027
VGB,British Virgin Islands,SP.POP.TOTL,"Population, total",0,,,,,,,,,,,,,,,,,,,,,,,,,,,,,,,,,,,,,,,,,,,,,,,,,,,,,,,,,,,,,,,,,,,,,,,,,,,39471,39732,39936,40110,40288,40450,40592,40707,40809,40910,40995,41072,41150,41174,41181,41209,41200,41196,41173,41123,41057,40971,40873,40761,40650,40517,40340
VGB,British Virgin Islands,SP.RUR.TOTL,Rural population,0,,,,,,,,,,,,,,,,,,,,,,,,,,,,,,,,,,,,,,,,,,,,,,,,,,,,,,,,,,,,,,,,,,,,,,,,,,,17167,16928,16651,16351,16039,15710,15361,14990,14604,14206,13793,13365,12928,12464,11985,11503,11002,10494,9972,9436,8889,8330,7763,7188,6607,6017,5416
VGB,British Virgin Islands,SP.URB.TOTL,Urban population,0,,,,,,,,,,,,,,,,,,,,,,,,,,,,,,,,,,,,,,,,,,,,,,,,,,,,,,,,,,,,,,,,,,,,,,,,,,,22304,22804,23285,23759,24249,24740,25231,25717,26205,26704,27202,27707,28222,28710,29196,29706,30198,30702,31201,31687,32168,32641,33110,33573,34043,34500,34924
VIR,Virgin Islands (U.S.),SP.POP.TOTL,"Population, total",0,,,,,,,,,,,,,,,,,,,,,,,,,,,,,,,,,,,,,,,,,,,,,,,,,,,,,,,,,,,,,,,,,,,,,,,,,,,104377,103513,102634,101846,101106,100429,99748,99080,98457,97856,97238,96610,96013,95415,94850,94286,93713,93166,92613,92098,91553,91014,90520,90022,89565,89122,88701
VIR,Virgin Islands (U.S.),SP.RUR.TOTL,Rural population,0,,,,,,,,,,,,,,,,,,,,,,,,,,,,,,,,,,,,,,,,,,,,,,,,,,,,,,,,,,,,,,,,,,,,,,,,,,,4873,4773,4674,4579,4487,4398,4310,4223,4138,4055,3972,3888,3806,3725,3645,3566,3487,3409,3332,3256,3179,3103,3029,2955,2883,2811,2740
VIR,Virgin Islands (U.S.),SP.URB.TOTL,Urban population,0,,,,,,,,,,,,,,,,,,,,,,,,,,,,,,,,,,,,,,,,,,,,,,,,,,,,,,,,,,,,,,,,,,,,,,,,,,,99504,98740,97960,97267,96619,96031,95438,94857,94319,93801,93266,92722,92207,91690,91205,90720,90226,89757,89281,88842,88374,87911,87491,87067,86682,86311,85961
VNM,Viet Nam,SP.POP.TOTL,"Population, total",0,,,,,,,,,,,,,,,,,,,,,,,,,,,,,,,,,,,,,,,,,,,,,,,,,,,,,,,,,,,,,,,,,,,,,,,,,,,100987686,101598527,102177431,102727395,103255744,103761156,104254902,104737911,105204400,105656310,106097520,106530676,106945841,107346042,107732021,108097656,108437635,108752199,109040311,109292561,109506264,109685398,109827659,109930239,109994024,110018019,110008908
VNM,Viet Nam,SP.RUR.TOTL,Rural population,0,,,,,,,,,,,,,,,,,,,,,,,,,,,,,,,,,,,,,,,,,,,,,,,,,,,,,,,,,,,,,,,,,,,,,,,,,,,62117455,62147904,62156025,62144132,62117105,62074555,62023600,61965095,61895932,61817602,61732698,61643048,61543211,61435287,61320040,61194339,61055582,60904339,60740463,60559176,60359509,60144175,59912401,59663164,59397454,59115231,58820559
VNM,Viet Nam,SP.URB.TOTL,Urban population,0,,,,,,,,,,,,,,,,,,,,,,,,,,,,,,,,,,,,,,,,,,,,,,,,,,,,,,,,,,,,,,,,,,,,,,,,,,,38870231,39450623,40021406,40583263,41138639,41686601,42231302,42772816,43308468,43838708,44364822,44887628,45402630,45910755,46411981,46903317,47382053,47847860,48299848,48733385,49146755,49541223,49915258,50267075,50596570,50902788,51188349
VUT,Vanuatu,SP.POP.TOTL,"Population, total",0,,,,,,,,,,,,,,,,,,,,,,,,,,,,,,,,,,,,,,,,,,,,,,,,,,,,,,,,,,,,,,,,,,,,,,,,,,,327777,335169,342564,349967,357404,364887,372428,380023,387658,395374,403186,411063,419012,427042,435152,443315,451512,459740,468010,476311,484642,492990,501326,509628,517894,526146,534388
VUT,Vanuatu,SP.RUR.TOTL,Rural population,0,,,,,,,,,,,,,,,,,,,,,,,,,,,,,,,,,,,,,,,,,,,,,,,,,,,,,,,,,,,,,,,,,,,,,,,,,,,254726,260353,265917,271408,276829,282172,287427,292570,297570,302437,307157,311682,315992,320065,323873,327364,330494,333229,335543,337394,338745,339550,339753,339300,338151,336283,333655
VUT,Vanuatu,SP.URB.TOTL,Urban population,0,,,,,,,,,,,,,,,,,,,,,,,,,,,,,,,,,,,,,,,,,,,,,,,,,,,,,,,,,,,,,,,,,,,,,,,,,,,73051,74816,76647,78559,80575,82715,85001,87453,90088,92937,96029,99381,103020,106977,111279,115951,121018,126511,132467,138917,145897,153440,161573,170328,179743,189863,200733
WSM,Samoa,SP.POP.TOTL,"Population, total",0,,,,,,,,,,,,,,,,,,,,,,,,,,,,,,,,,,,,,,,,,,,,,,,,,,,,,,,,,,,,,,,,,,,,,,,,,,,218019,219306,220528,221774,223105,224508,225971,227583,229303,231109,233061,235179,237423,239731,242155,244662,247196,249796,252435,255019,257616,260262,262858,265374,267838,270298,272726
WSM,Samoa,SP.RUR.TOTL,Rural population,0,,,,,,,,,,,,,,,,,,,,,,,,,,,,,,,,,,,,,,,,,,,,,,,,,,,,,,,,,,,,,,,,,,,,,,,,,,,179859,180913,181908,182916,183984,185101,186255,187517,188852,190240,191727,193328,195007,196711,198481,200285,202077,203883,205681,207390,209062,210724,212293,213741,215089,216372,217564
WSM,Samoa,SP.URB.TOTL,Urban population,0,,,,,,,,,,,,,,,,,,,,,,,,,,,,,,,,,,,,,,,,,,,,,,,,,,,,,,,,,,,,,,,,,,,,,,,,,,,38160,38393,38620,38858,39121,39407,39716,40066,40451,40869,41334,41851,42416,43020,43674,44377,45119,45913,46754,47629,48554,49538,50565,51633,52749,53926,55162
XKX,Kosovo,SP.POP.TOTL,"Population, total",0,,,,,,,,,,,,,,,,,,,,,,,,,,,,,,,,,,,,,,,,,,,,,,,,,,,,,,,,,,,,,,,,,,,,,,,,,,,1594353,1584670,1578910,1575795,1575041,1574217,1574257,1575153,1576591,1577958,1579379,1580349,1582255,1583298,1583287,1583607,1583747,1582540,1581455,1579933,1577630,1574332,1570565,1566743,1561617,1556588,1550795
XKX,Kosovo,SP.RUR.TOTL,Rural population,0,,,,,,,,,,,,,,,,,,,,,,,,,,,,,,,,,,,,,,,,,,,,,,,,,,,,,,,,,,,,,,,,,,,,,,,,,,,792052,777659,764917,753599,743540,733584,724181,715334,706906,698637,690603,682607,675268,667835,660260,653151,646315,639303,632739,626419,620232,614120,608313,602992,597694,592978,588525
XKX,Kosovo,SP.URB.TOTL,Urban population,0,,,,,,,,,,,,,,,,,,,,,,,,,,,,,,,,,,,,,,,,,,,,,,,,,,,,,,,,,,,,,,,,,,,,,,,,,,,802301,807011,813993,822196,831501,840633,850076,859819,869685,879321,888776,897742,906987,915463,923027,930456,937432,943237,948716,953514,957398,960212,962252,963751,963923,963610,962270
YEM,"Yemen, Rep.",SP.POP.TOTL,"Population, total",0,,,,,,,,,,,,,,,,,,,,,,,,,,,,,,,,,,,,,,,,,,,,,,,,,,,,,,,,,,,,,,,,,,,,,,,,,,,40583164,41773878,42961653,44145626,45323692,46497581,47667662,48827514,49979106,51129878,52280001,53429325,54578054,55724269,56872165,58024730,59181526,60345679,61517976,62696536,63880186,65066356,66253597,67438814,68620865,69799804,70976403
YEM,"Yemen, Rep.",SP.RUR.TOTL,Rural population,0,,,,,,,,,,,,,,,,,,,,,,,,,,,,,,,,,,,,,,,,,,,,,,,,,,,,,,,,,,,,,,,,,,,,,,,,,,,25645414,26303479,26958989,27611732,28260719,28907352,29552164,30191476,30826813,31463042,32100513,32739371,33379969,34021355,34666304,35316828,35972846,36636430,37308224,37987247,38672946,39363919,40059440,40757782,41458386,42161391,42867630
YEM,"Yemen, Rep.",SP.URB.TOTL,Urban population,0,,,,,,,,,,,,,,,,,,,,,,,,,,,,,,,,,,,,,,,,,,,,,,,,,,,,,,,,,,,,,,,,,,,,,,,,,,,14937750,15470399,16002664,16533894,17062973,17590229,18115498,18636038,19152293,19666836,20179488,20689954,21198085,21702914,22205861,22707902,23208680,23709249,24209752,24709289,25207240,25702437,26194157,26681032,27162479,27638413,28108773
ZAF,South Africa,SP.POP.TOTL,"Population, total",0,,,,,,,,,,,,,,,,,,,,,,,,,,,,,,,,,,,,,,,,,,,,,,,,,,,,,,,,,,,,,,,,,,,,,,,,,,,64007187,64747319,65453084,66143022,66830385,67506849,68161359,68798580,69426439,70040481,70641572,71234752,71816379,72387814,72949617,73496159,74035624,74575448,75111901,75641513,76164460,76681450,77199548,77716655,78215322,78699586,79177328
ZAF,South Africa,SP.RUR.TOTL,Rural population,0,,,,,,,,,,,,,,,,,,,,,,,,,,,,,,,,,,,,,,,,,,,,,,,,,,,,,,,,,,,,,,,,,,,,,,,,,,,23239858,23428558,23593888,23742485,23879004,24000355,24102555,24187249,24257205,24310840,24348458,24371799,24379616,24372396,24350358,24311677,24259136,24195184,24118593,24028277,23924347,23807086,23678725,23538619,23381570,23209015,23023378
ZAF,South Africa,SP.URB.TOTL,Urban population,0,,,,,,,,,,,,,,,,,,,,,,,,,,,,,,,,,,,,,,,,,,,,,,,,,,,,,,,,,,,,,,,,,,,,,,,,,,,40767329,41318761,41859196,42400537,42951381,43506494,44058804,44611331,45169234,45729641,46293114,46862953,47436763,48015418,48599259,49184482,49776488,50380264,50993308,51613236,52240113,52874364,53520823,54178036,54833752,55490571,56153950
ZMB,Zambia,SP.POP.TOTL,"Population, total",0,,,,,,,,,,,,,,,,,,,,,,,,,,,,,,,,,,,,,,,,,,,,,,,,,,,,,,,,,,,,,,,,,,,,,,,,,,,21314956,21913874,22521915,23138720,23761373,24389686,25024901,25666504,26311951,26960088,27611630,28266892,28925109,29583492,30240566,30895597,31550402,32204346,32856603,33510512,34165933,34821106,35475810,36129283,36782266,37434683,38083385
ZMB,Zambia,SP.RUR.TOTL,Rural population,0,,,,,,,,,,,,,,,,,,,,,,,,,,,,,,,,,,,,,,,,,,,,,,,,,,,,,,,,,,,,,,,,,,,,,,,,,,,11622964,11851647,12078619,12303446,12524352,12741034,12953931,13162553,13365384,13561655,13751546,13935024,14111519,14279497,14438108,14586879,14726545,14856666,14976732,15088120,15190588,15283182,15365654,15437526,15498972,15549807,15588588
ZMB,Zambia,SP.URB.TOTL,Urban population,0,,,,,,,,,,,,,,,,,,,,,,,,,,,,,,,,,,,,,,,,,,,,,,,,,,,,,,,,,,,,,,,,,,,,,,,,,,,9691992,10062227,10443296,10835274,11237021,11648652,12070970,12503951,12946567,13398433,13860084,14331868,14813590,15303995,15802458,16308718,16823857,17347680,17879871,18422392,18975345,19537924,20110156,20691757,21283294,21884876,22494797
ZWE,Zimbabwe,SP.POP.TOTL,"Population, total",0,,,,,,,,,,,,,,,,,,,,,,,,,,,,,,,,,,,,,,,,,,,,,,,,,,,,,,,,,,,,,,,,,,,,,,,,,,,16634373,16950795,17273580,17600613,17932008,18268955,18610349,18956198,19311356,19675922,20041123,20409146,20778653,21144735,21512908,21881118,22250109,22627422,23000894,23371287,23740627,24102380,24462478,24816446,25168410,25518501,25866385
ZWE,Zimbabwe,SP.RUR.TOTL,Rural population,0,,,,,,,,,,,,,,,,,,,,,,,,,,,,,,,,,,,,,,,,,,,,,,,,,,,,,,,,,,,,,,,,,,,,,,,,,,,9998361,10086549,10174619,10261218,10346329,10430547,10513142,10594031,10675811,10758360,10836758,10912154,10983783,11049045,11110844,11168086,11221137,11273732,11319724,11359545,11394217,11420651,11441755,11455482,11463816,11466843,11464440
ZWE,Zimbabwe,SP.URB.TOTL,Urban population,0,,,,,,,,,,,,,,,,,,,,,,,,,,,,,,,,,,,,,,,,,,,,,,,,,,,,,,,,,,,,,,,,,,,,,,,,,,,6636012,6864246,7098961,7339395,7585679,7838408,8097207,8362167,8635545,8917562,9204365,9496992,9794870,10095690,10402064,10713032,11028972,11353690,11681170,12011742,12346410,12681729,13020723,13360964,13704594,14051658,14401945
